datetime,temperature_2m,relative_humidity_2m,dew_point_2m,apparent_temperature,precipitation,rain,pressure_msl,surface_pressure,cloud_cover,wind_speed_10m,wind_direction_10m,wind_gusts_10m,is_day,sunshine_duration
2025-07-01 00:00:00,16.7,89,14.8,17.5,0.0,0.0,1011.7,1000.4,0,5.2,164,13.0,0,0.0
2025-07-01 01:00:00,16.2,91,14.7,17.0,0.0,0.0,1011.7,1000.4,3,5.0,165,12.6,0,0.0
2025-07-01 02:00:00,15.7,93,14.6,16.7,0.0,0.0,1011.7,1000.4,0,2.9,180,11.5,0,0.0
2025-07-01 03:00:00,15.2,96,14.5,16.4,0.0,0.0,1011.8,1000.5,0,1.5,187,7.6,0,0.0
2025-07-01 04:00:00,14.8,97,14.3,16.0,0.0,0.0,1011.7,1000.4,3,1.3,196,5.4,0,0.0
2025-07-01 05:00:00,14.7,98,14.4,15.8,0.0,0.0,1012.1,1000.8,100,2.2,204,7.2,1,0.0
2025-07-01 06:00:00,15.4,93,14.2,16.3,0.0,0.0,1012.5,1001.2,44,2.7,212,11.2,1,2507.73
2025-07-01 07:00:00,16.8,82,13.7,17.6,0.0,0.0,1012.5,1001.2,37,2.8,207,14.0,1,3600.0
2025-07-01 08:00:00,19.3,68,13.3,19.8,0.0,0.0,1012.4,1001.2,0,3.5,159,17.3,1,3600.0
2025-07-01 09:00:00,22.2,56,12.9,23.0,0.0,0.0,1012.1,1001.1,0,5.0,154,21.2,1,3600.0
2025-07-01 10:00:00,25.1,46,12.8,26.8,0.0,0.0,1011.9,1001.0,0,5.6,174,22.7,1,3600.0
2025-07-01 11:00:00,27.1,42,13.2,29.1,0.0,0.0,1011.4,1000.5,0,8.5,212,28.1,1,3600.0
2025-07-01 12:00:00,27.8,41,13.5,29.7,0.0,0.0,1010.8,1000.0,0,11.3,234,33.8,1,3600.0
2025-07-01 13:00:00,28.0,39,12.7,29.6,0.0,0.0,1010.5,999.7,0,11.8,232,35.3,1,3600.0
2025-07-01 14:00:00,28.1,37,12.2,29.2,0.0,0.0,1009.9,999.1,0,11.3,226,34.9,1,3600.0
2025-07-01 15:00:00,27.3,39,12.1,27.7,0.0,0.0,1009.4,998.6,0,11.5,221,33.8,1,3600.0
2025-07-01 16:00:00,25.6,42,11.7,24.9,0.0,0.0,1009.0,998.1,0,11.7,225,34.2,1,3600.0
2025-07-01 17:00:00,23.5,48,11.8,22.7,0.0,0.0,1009.1,998.1,0,9.2,220,32.8,1,3600.0
2025-07-01 18:00:00,21.8,55,12.4,21.4,0.0,0.0,1009.3,998.3,0,7.8,217,26.6,1,3600.0
2025-07-01 19:00:00,19.6,67,13.2,19.4,0.0,0.0,1009.5,998.4,4,8.1,217,23.0,1,2477.86
2025-07-01 20:00:00,17.9,76,13.6,18.0,0.0,0.0,1009.7,998.5,7,7.4,225,21.2,0,0.0
2025-07-01 21:00:00,17.1,81,13.8,17.3,0.0,0.0,1010.4,999.2,2,6.8,217,19.4,0,0.0
2025-07-01 22:00:00,16.5,85,13.9,16.9,0.0,0.0,1010.9,999.6,11,6.1,227,18.7,0,0.0
2025-07-01 23:00:00,16.2,87,14.0,16.8,0.0,0.0,1011.2,999.9,21,4.2,223,15.8,0,0.0
2025-07-02 00:00:00,15.7,89,13.9,16.5,0.0,0.0,1011.0,999.7,4,3.1,177,12.2,0,0.0
2025-07-02 01:00:00,15.5,90,13.9,16.4,0.0,0.0,1011.1,999.8,1,2.0,207,9.0,0,0.0
2025-07-02 02:00:00,15.3,91,13.9,16.3,0.0,0.0,1010.7,999.4,3,2.0,135,6.5,0,0.0
2025-07-02 03:00:00,15.1,92,13.8,16.0,0.0,0.0,1010.9,999.6,1,1.7,108,6.1,0,0.0
2025-07-02 04:00:00,14.9,93,13.8,15.9,0.0,0.0,1011.3,1000.0,0,1.3,196,4.3,0,0.0
2025-07-02 05:00:00,15.2,92,13.9,16.0,0.0,0.0,1011.0,999.7,99,3.2,180,8.6,1,0.0
2025-07-02 06:00:00,15.7,88,13.8,16.3,0.0,0.0,1011.6,1000.3,100,3.6,177,12.6,1,1406.78
2025-07-02 07:00:00,16.3,84,13.5,16.8,0.0,0.0,1012.0,1000.7,98,4.3,147,16.2,1,0.0
2025-07-02 08:00:00,18.4,71,13.2,18.9,0.0,0.0,1012.1,1000.9,48,3.3,131,16.6,1,3600.0
2025-07-02 09:00:00,21.4,58,12.8,22.1,0.0,0.0,1012.1,1001.0,2,4.2,144,19.8,1,3600.0
2025-07-02 10:00:00,24.0,49,12.8,25.8,0.0,0.0,1011.7,1000.7,1,5.0,182,22.0,1,3600.0
2025-07-02 11:00:00,26.3,43,12.7,28.3,0.0,0.0,1011.3,1000.4,0,7.1,204,25.9,1,3600.0
2025-07-02 12:00:00,27.4,41,13.0,29.3,0.0,0.0,1010.5,999.7,0,10.2,214,31.7,1,3600.0
2025-07-02 13:00:00,27.0,42,13.1,28.5,0.0,0.0,1010.3,999.4,0,12.6,223,36.7,1,3600.0
2025-07-02 14:00:00,26.9,40,12.2,27.8,0.0,0.0,1009.9,999.0,0,12.1,220,36.7,1,3600.0
2025-07-02 15:00:00,26.3,40,11.5,26.4,0.0,0.0,1009.4,998.5,0,11.9,219,35.3,1,3600.0
2025-07-02 16:00:00,25.2,43,11.9,24.7,0.0,0.0,1009.1,998.2,4,10.5,219,34.2,1,3600.0
2025-07-02 17:00:00,23.3,51,12.6,22.6,0.0,0.0,1009.2,998.2,0,10.0,214,28.4,1,3600.0
2025-07-02 18:00:00,21.3,58,12.8,20.9,0.0,0.0,1009.7,998.6,0,8.4,220,28.8,1,3600.0
2025-07-02 19:00:00,20.1,64,13.1,20.0,0.0,0.0,1010.3,999.2,0,7.0,198,23.4,1,2474.69
2025-07-02 20:00:00,18.9,70,13.4,19.1,0.0,0.0,1010.9,999.7,1,6.1,192,19.4,0,0.0
2025-07-02 21:00:00,18.2,74,13.4,18.4,0.0,0.0,1011.6,1000.4,0,5.9,157,16.9,0,0.0
2025-07-02 22:00:00,17.7,75,13.3,18.0,0.0,0.0,1012.2,1001.0,2,4.6,132,15.8,0,0.0
2025-07-02 23:00:00,17.2,78,13.4,17.4,0.0,0.0,1012.1,1000.9,10,5.5,142,14.4,0,0.0
2025-07-03 00:00:00,16.6,82,13.5,17.0,0.0,0.0,1011.8,1000.5,12,4.8,153,14.0,0,0.0
2025-07-03 01:00:00,16.4,84,13.6,17.1,0.0,0.0,1011.6,1000.3,14,3.4,164,11.5,0,0.0
2025-07-03 02:00:00,16.2,85,13.6,17.0,0.0,0.0,1011.2,999.9,15,2.7,152,11.2,0,0.0
2025-07-03 03:00:00,16.0,87,13.7,17.1,0.0,0.0,1011.3,1000.0,6,0.5,270,7.9,0,0.0
2025-07-03 04:00:00,15.7,87,13.5,16.7,0.0,0.0,1011.6,1000.3,12,1.2,321,6.1,0,0.0
2025-07-03 05:00:00,16.2,84,13.5,16.5,0.0,0.0,1011.8,1000.5,19,5.7,136,16.9,1,0.0
2025-07-03 06:00:00,16.5,82,13.5,17.1,0.0,0.0,1012.3,1001.0,45,3.8,109,15.8,1,0.0
2025-07-03 07:00:00,17.6,77,13.6,18.0,0.0,0.0,1012.7,1001.5,12,4.5,119,17.3,1,3352.77
2025-07-03 08:00:00,19.9,67,13.5,20.3,0.0,0.0,1013.2,1002.1,1,4.8,138,19.4,1,3600.0
2025-07-03 09:00:00,22.0,58,13.4,22.7,0.0,0.0,1013.0,1001.9,3,5.4,159,22.0,1,3600.0
2025-07-03 10:00:00,24.1,51,13.3,25.8,0.0,0.0,1012.9,1001.9,5,5.7,169,23.8,1,3600.0
2025-07-03 11:00:00,26.5,43,13.1,28.7,0.0,0.0,1012.7,1001.8,2,6.7,183,25.6,1,3600.0
2025-07-03 12:00:00,28.3,39,12.9,30.2,0.0,0.0,1012.4,1001.6,0,9.6,193,30.2,1,3600.0
2025-07-03 13:00:00,28.5,39,13.3,30.2,0.0,0.0,1012.0,1001.2,0,11.6,201,34.2,1,3600.0
2025-07-03 14:00:00,28.0,41,13.4,29.4,0.0,0.0,1012.0,1001.2,0,11.3,211,34.2,1,3600.0
2025-07-03 15:00:00,27.0,44,13.6,27.9,0.0,0.0,1012.0,1001.1,0,11.0,214,34.2,1,3600.0
2025-07-03 16:00:00,26.0,46,13.6,26.2,0.0,0.0,1012.0,1001.1,0,9.7,211,32.8,1,3600.0
2025-07-03 17:00:00,24.7,51,13.8,24.4,0.0,0.0,1011.9,1000.9,0,10.6,214,30.6,1,3600.0
2025-07-03 18:00:00,22.9,57,13.8,22.8,0.0,0.0,1012.5,1001.5,0,9.0,218,29.9,1,3600.0
2025-07-03 19:00:00,21.2,63,14.0,21.4,0.0,0.0,1013.0,1001.9,0,7.1,214,24.5,1,2469.8
2025-07-03 20:00:00,20.0,69,14.1,20.5,0.0,0.0,1013.5,1002.4,0,5.9,200,19.1,0,0.0
2025-07-03 21:00:00,19.2,73,14.3,19.8,0.0,0.0,1014.3,1003.1,1,5.0,210,15.5,0,0.0
2025-07-03 22:00:00,18.4,77,14.4,19.2,0.0,0.0,1014.8,1003.6,0,4.3,213,14.4,0,0.0
2025-07-03 23:00:00,17.9,81,14.5,18.7,0.0,0.0,1015.1,1003.9,12,4.1,193,12.2,0,0.0
2025-07-04 00:00:00,17.3,84,14.5,18.3,0.0,0.0,1015.2,1003.9,33,3.5,201,11.5,0,0.0
2025-07-04 01:00:00,16.9,86,14.5,17.8,0.0,0.0,1015.2,1003.9,12,3.5,219,10.1,0,0.0
2025-07-04 02:00:00,16.6,87,14.5,17.6,0.0,0.0,1014.9,1003.6,91,3.0,256,9.7,0,0.0
2025-07-04 03:00:00,16.4,88,14.4,17.6,0.0,0.0,1015.4,1004.1,100,2.0,280,7.9,0,0.0
2025-07-04 04:00:00,16.4,88,14.4,17.6,0.0,0.0,1016.0,1004.7,55,1.8,294,6.1,0,0.0
2025-07-04 05:00:00,17.2,85,14.7,18.6,0.0,0.0,1015.5,1004.2,64,1.0,292,6.5,1,0.0
2025-07-04 06:00:00,17.6,83,14.7,18.9,0.0,0.0,1015.9,1004.6,40,1.4,270,8.3,1,2768.61
2025-07-04 07:00:00,19.1,75,14.7,20.3,0.0,0.0,1016.2,1005.0,26,2.7,242,13.0,1,3600.0
2025-07-04 08:00:00,21.1,66,14.6,22.0,0.0,0.0,1016.5,1005.4,12,4.0,234,17.3,1,3600.0
2025-07-04 09:00:00,23.5,57,14.5,24.8,0.0,0.0,1016.2,1005.2,5,4.4,212,19.4,1,3600.0
2025-07-04 10:00:00,26.0,48,14.2,28.1,0.0,0.0,1016.2,1005.2,3,5.3,198,22.0,1,3600.0
2025-07-04 11:00:00,28.3,42,14.0,30.7,0.0,0.0,1015.9,1005.0,1,6.9,197,25.2,1,3600.0
2025-07-04 12:00:00,29.6,39,14.1,32.0,0.0,0.0,1015.7,1004.9,0,9.2,211,29.2,1,3600.0
2025-07-04 13:00:00,29.8,39,14.4,32.1,0.0,0.0,1015.4,1004.6,0,10.8,218,32.4,1,3600.0
2025-07-04 14:00:00,29.5,39,14.2,31.1,0.0,0.0,1015.2,1004.4,0,11.9,222,34.6,1,3600.0
2025-07-04 15:00:00,28.7,40,13.7,29.5,0.0,0.0,1014.9,1004.1,0,12.2,225,34.9,1,3600.0
2025-07-04 16:00:00,27.6,41,13.2,27.2,0.0,0.0,1014.6,1003.7,0,12.4,222,34.9,1,3600.0
2025-07-04 17:00:00,26.5,43,13.0,25.9,0.0,0.0,1014.4,1003.5,0,10.5,217,32.0,1,3600.0
2025-07-04 18:00:00,24.3,50,13.3,23.9,0.0,0.0,1014.7,1003.7,0,9.6,220,28.4,1,3600.0
2025-07-04 19:00:00,22.0,61,14.1,22.2,0.0,0.0,1015.1,1004.0,0,7.8,214,24.8,1,2463.11
2025-07-04 20:00:00,20.6,69,14.7,21.2,0.0,0.0,1015.8,1004.6,0,6.4,198,19.1,0,0.0
2025-07-04 21:00:00,19.6,75,15.0,20.5,0.0,0.0,1016.6,1005.4,0,4.9,180,16.6,0,0.0
2025-07-04 22:00:00,18.9,78,15.0,20.0,0.0,0.0,1016.9,1005.7,0,3.7,191,13.0,0,0.0
2025-07-04 23:00:00,18.5,80,15.0,19.7,0.0,0.0,1017.1,1005.9,0,3.1,211,10.4,0,0.0
2025-07-05 00:00:00,18.0,83,15.1,19.3,0.0,0.0,1017.0,1005.7,0,2.9,210,8.6,0,0.0
2025-07-05 01:00:00,17.5,86,15.2,18.9,0.0,0.0,1016.9,1005.6,0,2.2,180,7.6,0,0.0
2025-07-05 02:00:00,17.0,90,15.3,18.4,0.0,0.0,1016.6,1005.3,0,2.0,153,5.8,0,0.0
2025-07-05 03:00:00,16.5,93,15.4,18.0,0.0,0.0,1016.7,1005.4,0,2.2,156,5.4,0,0.0
2025-07-05 04:00:00,16.0,95,15.2,17.5,0.0,0.0,1016.9,1005.6,0,1.7,148,5.4,0,0.0
2025-07-05 05:00:00,16.1,96,15.5,17.3,0.0,0.0,1017.6,1006.3,100,3.9,164,9.7,1,0.0
2025-07-05 06:00:00,16.5,93,15.3,17.8,0.0,0.0,1017.9,1006.6,98,3.2,161,11.5,1,2329.65
2025-07-05 07:00:00,18.0,84,15.2,19.4,0.0,0.0,1018.1,1006.8,19,2.4,171,12.6,1,3600.0
2025-07-05 08:00:00,20.8,69,15.0,22.0,0.0,0.0,1018.0,1006.8,3,2.6,192,14.8,1,3600.0
2025-07-05 09:00:00,24.1,55,14.5,25.6,0.0,0.0,1017.6,1006.6,0,4.0,180,18.4,1,3600.0
2025-07-05 10:00:00,27.4,42,13.3,29.2,0.0,0.0,1017.4,1006.5,0,6.1,178,22.7,1,3600.0
2025-07-05 11:00:00,30.2,29,10.0,31.3,0.0,0.0,1016.8,1006.0,0,8.1,184,26.6,1,3600.0
2025-07-05 12:00:00,31.7,24,8.8,32.5,0.0,0.0,1016.3,1005.5,0,9.5,190,29.5,1,3600.0
2025-07-05 13:00:00,32.1,25,9.9,33.1,0.0,0.0,1015.7,1005.0,0,10.5,197,31.7,1,3600.0
2025-07-05 14:00:00,31.8,28,11.2,32.6,0.0,0.0,1015.1,1004.4,0,11.6,208,33.1,1,3600.0
2025-07-05 15:00:00,30.5,32,12.1,30.8,0.0,0.0,1014.9,1004.1,0,12.1,221,34.6,1,3600.0
2025-07-05 16:00:00,29.0,34,11.5,28.3,0.0,0.0,1014.6,1003.8,0,11.0,228,34.2,1,3600.0
2025-07-05 17:00:00,27.7,36,11.3,26.7,0.0,0.0,1014.4,1003.5,0,9.6,223,30.2,1,3600.0
2025-07-05 18:00:00,25.9,41,11.6,25.1,0.0,0.0,1014.6,1003.7,0,8.1,215,26.6,1,3600.0
2025-07-05 19:00:00,23.5,50,12.4,23.3,0.0,0.0,1014.8,1003.8,0,6.3,217,21.6,1,2454.58
2025-07-05 20:00:00,22.0,56,12.8,22.1,0.0,0.0,1015.0,1003.9,0,4.8,207,15.8,0,0.0
2025-07-05 21:00:00,21.0,60,13.1,21.4,0.0,0.0,1015.5,1004.4,0,3.8,183,12.2,0,0.0
2025-07-05 22:00:00,20.1,65,13.3,20.6,0.0,0.0,1015.6,1004.4,0,3.7,191,9.7,0,0.0
2025-07-05 23:00:00,19.2,69,13.5,19.7,0.0,0.0,1015.5,1004.3,0,3.9,202,9.7,0,0.0
2025-07-06 00:00:00,18.3,74,13.6,18.9,0.0,0.0,1015.0,1003.8,0,3.2,207,9.7,0,0.0
2025-07-06 01:00:00,17.5,78,13.7,18.4,0.0,0.0,1015.0,1003.7,0,2.2,194,8.3,0,0.0
2025-07-06 02:00:00,16.8,82,13.7,17.7,0.0,0.0,1014.7,1003.4,0,1.8,156,6.5,0,0.0
2025-07-06 03:00:00,16.3,85,13.8,17.2,0.0,0.0,1014.7,1003.4,0,1.7,148,5.4,0,0.0
2025-07-06 04:00:00,15.9,87,13.8,16.7,0.0,0.0,1014.7,1003.4,0,2.7,152,5.8,0,0.0
2025-07-06 05:00:00,15.8,93,14.7,16.8,0.0,0.0,1014.9,1003.6,19,3.8,163,9.0,1,0.0
2025-07-06 06:00:00,16.4,91,14.9,17.5,0.0,0.0,1015.2,1003.9,33,3.1,180,10.8,1,2714.86
2025-07-06 07:00:00,18.1,80,14.6,19.1,0.0,0.0,1015.4,1004.2,8,2.9,187,13.7,1,3600.0
2025-07-06 08:00:00,20.2,68,14.2,21.0,0.0,0.0,1015.2,1004.0,3,3.7,194,17.3,1,3600.0
2025-07-06 09:00:00,23.1,54,13.2,24.1,0.0,0.0,1014.8,1003.8,1,4.2,185,19.4,1,3600.0
2025-07-06 10:00:00,26.1,41,11.9,27.6,0.0,0.0,1014.3,1003.4,0,5.1,186,21.6,1,3600.0
2025-07-06 11:00:00,28.8,33,11.1,30.5,0.0,0.0,1013.7,1002.9,0,6.7,196,24.8,1,3600.0
2025-07-06 12:00:00,30.5,30,10.9,31.9,0.0,0.0,1013.0,1002.2,0,9.5,205,29.5,1,3600.0
2025-07-06 13:00:00,30.6,31,11.7,31.8,0.0,0.0,1012.7,1001.9,0,12.0,213,34.6,1,3600.0
2025-07-06 14:00:00,29.9,33,11.9,30.8,0.0,0.0,1012.1,1001.3,0,12.3,219,35.6,1,3600.0
2025-07-06 15:00:00,29.5,32,10.9,29.5,0.0,0.0,1011.7,1000.9,0,11.6,222,35.3,1,3600.0
2025-07-06 16:00:00,28.6,34,11.0,27.8,0.0,0.0,1011.2,1000.4,0,10.7,224,33.1,1,3600.0
2025-07-06 17:00:00,26.3,42,12.3,25.4,0.0,0.0,1011.4,1000.5,0,11.1,222,32.0,1,3600.0
2025-07-06 18:00:00,24.1,50,13.1,23.9,0.0,0.0,1011.8,1000.8,0,8.4,222,29.9,1,3600.0
2025-07-06 19:00:00,21.9,59,13.5,22.0,0.0,0.0,1012.0,1000.9,2,7.0,215,22.7,1,2444.41
2025-07-06 20:00:00,20.4,66,13.9,20.6,0.0,0.0,1012.5,1001.4,2,6.9,217,18.0,0,0.0
2025-07-06 21:00:00,19.3,71,13.9,19.7,0.0,0.0,1013.1,1001.9,2,5.7,215,17.3,0,0.0
2025-07-06 22:00:00,18.6,74,13.9,19.2,0.0,0.0,1013.3,1002.1,1,4.8,217,15.1,0,0.0
2025-07-06 23:00:00,18.1,75,13.7,18.7,0.0,0.0,1013.5,1002.3,0,3.5,219,12.6,0,0.0
2025-07-07 00:00:00,17.6,77,13.5,18.3,0.0,0.0,1013.5,1002.3,0,2.4,216,9.4,0,0.0
2025-07-07 01:00:00,17.1,80,13.6,17.9,0.0,0.0,1013.4,1002.1,0,2.1,195,7.6,0,0.0
2025-07-07 02:00:00,16.6,83,13.8,17.5,0.0,0.0,1013.3,1002.0,0,2.2,180,6.5,0,0.0
2025-07-07 03:00:00,16.2,88,14.1,17.1,0.0,0.0,1013.5,1002.2,2,2.5,188,7.2,0,0.0
2025-07-07 04:00:00,15.5,93,14.4,16.6,0.0,0.0,1013.8,1002.5,7,1.8,191,7.2,0,0.0
2025-07-07 05:00:00,15.9,93,14.8,16.9,0.0,0.0,1013.9,1002.6,100,3.4,183,13.0,1,0.0
2025-07-07 06:00:00,16.3,89,14.4,17.2,0.0,0.0,1014.4,1003.1,99,3.2,207,12.2,1,0.0
2025-07-07 07:00:00,17.2,81,14.0,18.0,0.0,0.0,1014.9,1003.6,100,2.8,215,14.0,1,3343.07
2025-07-07 08:00:00,19.4,69,13.5,20.0,0.0,0.0,1015.0,1003.8,49,3.0,205,16.2,1,3600.0
2025-07-07 09:00:00,21.8,57,12.9,22.5,0.0,0.0,1014.7,1003.6,32,3.9,196,19.4,1,3600.0
2025-07-07 10:00:00,24.7,46,12.1,26.0,0.0,0.0,1014.7,1003.7,19,5.6,195,22.7,1,3600.0
2025-07-07 11:00:00,27.1,39,12.1,28.7,0.0,0.0,1014.2,1003.3,4,8.0,198,27.0,1,3600.0
2025-07-07 12:00:00,28.4,37,12.4,30.2,0.0,0.0,1014.0,1003.2,0,9.7,208,30.6,1,3600.0
2025-07-07 13:00:00,28.7,36,12.2,30.2,0.0,0.0,1013.7,1002.9,0,10.7,220,32.8,1,3600.0
2025-07-07 14:00:00,28.3,36,11.7,29.1,0.0,0.0,1013.5,1002.7,0,11.6,228,34.2,1,3600.0
2025-07-07 15:00:00,27.5,37,11.7,27.7,0.0,0.0,1013.4,1002.5,0,11.4,233,34.2,1,3600.0
2025-07-07 16:00:00,26.5,41,12.1,25.9,0.0,0.0,1013.2,1002.3,0,11.5,236,33.5,1,3600.0
2025-07-07 17:00:00,25.3,44,12.2,24.4,0.0,0.0,1013.3,1002.4,0,10.7,228,31.3,1,3600.0
2025-07-07 18:00:00,23.0,54,13.2,22.6,0.0,0.0,1013.9,1002.9,0,10.0,219,29.5,1,3600.0
2025-07-07 19:00:00,21.0,62,13.5,20.9,0.0,0.0,1014.6,1003.5,0,7.7,221,25.9,1,2432.74
2025-07-07 20:00:00,19.7,65,13.0,19.7,0.0,0.0,1015.4,1004.2,0,6.3,215,19.4,0,0.0
2025-07-07 21:00:00,19.0,66,12.5,19.2,0.0,0.0,1016.3,1005.1,0,4.1,193,16.6,0,0.0
2025-07-07 22:00:00,18.4,69,12.6,18.7,0.0,0.0,1016.9,1005.7,0,3.8,197,11.5,0,0.0
2025-07-07 23:00:00,17.6,74,12.9,18.1,0.0,0.0,1016.8,1005.5,0,3.1,216,10.4,0,0.0
2025-07-08 00:00:00,17.0,78,13.2,17.6,0.0,0.0,1016.6,1005.3,0,2.6,236,9.0,0,0.0
2025-07-08 01:00:00,16.5,82,13.3,17.3,0.0,0.0,1016.4,1005.1,0,1.2,231,7.6,0,0.0
2025-07-08 02:00:00,15.9,86,13.5,16.8,0.0,0.0,1016.3,1005.0,0,1.1,171,4.7,0,0.0
2025-07-08 03:00:00,15.6,87,13.5,16.6,0.0,0.0,1016.4,1005.1,0,0.6,72,4.3,0,0.0
2025-07-08 04:00:00,15.4,88,13.4,16.3,0.0,0.0,1016.5,1005.1,0,1.1,270,3.2,0,0.0
2025-07-08 05:00:00,15.0,92,13.7,16.1,0.0,0.0,1017.1,1005.7,0,0.4,153,2.9,1,0.0
2025-07-08 06:00:00,16.0,84,13.3,16.8,0.0,0.0,1017.8,1006.5,0,1.8,114,8.3,1,2657.15
2025-07-08 07:00:00,18.3,68,12.2,18.8,0.0,0.0,1018.2,1006.9,0,1.2,231,10.8,1,3600.0
2025-07-08 08:00:00,21.3,54,11.5,21.3,0.0,0.0,1018.1,1006.9,0,3.0,218,15.8,1,3600.0
2025-07-08 09:00:00,24.4,44,11.2,24.6,0.0,0.0,1018.2,1007.2,0,4.4,199,19.4,1,3600.0
2025-07-08 10:00:00,27.5,36,11.1,28.6,0.0,0.0,1017.9,1007.0,0,5.1,212,21.6,1,3600.0
2025-07-08 11:00:00,29.9,32,11.2,31.2,0.0,0.0,1017.4,1006.6,1,7.9,223,26.3,1,3600.0
2025-07-08 12:00:00,30.8,32,12.1,32.3,0.0,0.0,1017.1,1006.3,0,10.4,225,31.3,1,3600.0
2025-07-08 13:00:00,30.6,32,11.8,31.6,0.0,0.0,1016.6,1005.8,0,12.2,229,35.3,1,3600.0
2025-07-08 14:00:00,30.2,29,10.3,30.3,0.0,0.0,1016.3,1005.5,0,12.8,232,36.4,1,3600.0
2025-07-08 15:00:00,29.8,27,8.9,29.0,0.0,0.0,1015.9,1005.1,2,12.0,230,36.0,1,3600.0
2025-07-08 16:00:00,29.0,27,8.2,27.4,0.0,0.0,1015.3,1004.5,0,10.3,227,33.5,1,3600.0
2025-07-08 17:00:00,27.6,32,9.4,26.0,0.0,0.0,1015.1,1004.2,1,9.2,227,28.4,1,3600.0
2025-07-08 18:00:00,25.7,38,10.3,24.7,0.0,0.0,1015.3,1004.3,0,7.5,224,25.9,1,3600.0
2025-07-08 19:00:00,23.4,49,12.1,23.3,0.0,0.0,1015.5,1004.5,0,5.3,215,20.9,1,2419.59
2025-07-08 20:00:00,21.8,58,13.3,22.1,0.0,0.0,1015.9,1004.8,0,4.8,211,14.8,0,0.0
2025-07-08 21:00:00,20.9,64,13.9,21.5,0.0,0.0,1016.4,1005.3,0,3.9,193,13.7,0,0.0
2025-07-08 22:00:00,20.3,68,14.1,21.0,0.0,0.0,1016.4,1005.2,24,4.3,165,11.5,0,0.0
2025-07-08 23:00:00,19.8,70,14.1,20.5,0.0,0.0,1016.3,1005.1,63,3.9,164,11.2,0,0.0
2025-07-09 00:00:00,19.4,71,14.0,20.1,0.0,0.0,1016.6,1005.4,77,4.2,149,10.1,0,0.0
2025-07-09 01:00:00,19.3,70,13.8,20.1,0.0,0.0,1016.5,1005.3,94,2.8,145,9.7,0,0.0
2025-07-09 02:00:00,18.8,73,13.8,19.7,0.0,0.0,1016.2,1005.0,41,1.6,153,6.8,0,0.0
2025-07-09 03:00:00,18.2,75,13.7,19.2,0.0,0.0,1015.9,1004.7,12,1.3,188,4.0,0,0.0
2025-07-09 04:00:00,18.0,76,13.7,18.5,0.0,0.0,1016.3,1005.0,18,4.5,164,10.8,0,0.0
2025-07-09 05:00:00,16.6,82,13.5,17.6,0.0,0.0,1016.4,1005.1,42,0.2,270,7.6,1,0.0
2025-07-09 06:00:00,17.7,74,13.0,18.4,0.0,0.0,1016.7,1005.4,13,1.6,174,7.2,1,2626.64
2025-07-09 07:00:00,19.7,66,13.1,20.1,0.0,0.0,1017.3,1006.1,8,3.7,141,14.4,1,3600.0
2025-07-09 08:00:00,22.2,56,13.1,22.5,0.0,0.0,1017.5,1006.4,0,4.4,142,18.0,1,3600.0
2025-07-09 09:00:00,25.2,46,12.6,25.8,0.0,0.0,1016.8,1005.8,0,4.2,162,19.1,1,3600.0
2025-07-09 10:00:00,28.5,34,11.2,29.8,0.0,0.0,1016.2,1005.3,0,4.2,173,19.8,1,3600.0
2025-07-09 11:00:00,31.7,27,10.6,33.2,0.0,0.0,1015.6,1004.9,0,5.8,185,22.7,1,3600.0
2025-07-09 12:00:00,33.6,26,11.6,35.4,0.0,0.0,1014.9,1004.2,0,7.9,201,26.3,1,3600.0
2025-07-09 13:00:00,34.1,27,12.6,35.6,0.0,0.0,1014.1,1003.5,0,10.6,219,31.3,1,3600.0
2025-07-09 14:00:00,33.7,24,10.4,33.9,0.0,0.0,1013.5,1002.8,0,12.2,225,34.6,1,3600.0
2025-07-09 15:00:00,32.6,23,8.8,31.8,0.0,0.0,1013.0,1002.3,0,11.7,225,34.6,1,3600.0
2025-07-09 16:00:00,31.3,25,9.0,30.0,0.0,0.0,1012.4,1001.7,0,9.9,225,33.1,1,3600.0
2025-07-09 17:00:00,29.6,31,10.7,28.4,0.0,0.0,1012.5,1001.7,0,9.4,211,28.1,1,3600.0
2025-07-09 18:00:00,26.4,41,12.0,25.8,0.0,0.0,1012.8,1001.9,2,8.2,203,26.6,1,3600.0
2025-07-09 19:00:00,23.4,53,13.4,23.6,0.0,0.0,1013.4,1002.4,3,6.0,205,22.7,1,2404.95
2025-07-09 20:00:00,21.6,62,13.9,22.2,0.0,0.0,1013.6,1002.5,1,4.6,206,16.9,0,0.0
2025-07-09 21:00:00,20.7,66,14.2,21.5,0.0,0.0,1013.7,1002.6,3,3.4,177,13.7,0,0.0
2025-07-09 22:00:00,20.1,69,14.2,21.0,0.0,0.0,1013.3,1002.2,7,2.8,165,11.2,0,0.0
2025-07-09 23:00:00,20.0,69,14.1,21.0,0.0,0.0,1013.3,1002.2,15,1.9,151,9.4,0,0.0
2025-07-10 00:00:00,19.8,69,14.0,20.9,0.0,0.0,1013.0,1001.9,44,1.5,173,6.5,0,0.0
2025-07-10 01:00:00,19.3,72,14.2,20.4,0.0,0.0,1013.0,1001.8,53,1.3,180,5.0,0,0.0
2025-07-10 02:00:00,18.6,77,14.4,19.8,0.0,0.0,1012.9,1001.7,1,1.6,180,5.0,0,0.0
2025-07-10 03:00:00,18.0,81,14.7,19.4,0.0,0.0,1012.9,1001.7,0,1.3,188,5.0,0,0.0
2025-07-10 04:00:00,17.4,84,14.8,18.8,0.0,0.0,1013.1,1001.9,0,1.5,194,4.3,0,0.0
2025-07-10 05:00:00,16.4,91,14.8,17.7,0.0,0.0,1013.1,1001.8,1,1.6,174,4.7,1,0.0
2025-07-10 06:00:00,17.4,86,15.0,18.8,0.0,0.0,1013.2,1002.0,3,1.8,186,8.3,1,2595.12
2025-07-10 07:00:00,19.6,75,15.0,21.0,0.0,0.0,1013.5,1002.3,5,1.7,162,11.5,1,3600.0
2025-07-10 08:00:00,22.8,57,13.8,23.6,0.0,0.0,1013.5,1002.5,0,2.6,146,15.1,1,3600.0
2025-07-10 09:00:00,26.1,46,13.5,27.3,0.0,0.0,1013.2,1002.3,0,3.6,150,18.0,1,3600.0
2025-07-10 10:00:00,29.2,39,13.7,31.4,0.0,0.0,1012.7,1001.9,0,4.6,167,20.9,1,3600.0
2025-07-10 11:00:00,31.9,32,13.2,34.4,0.0,0.0,1012.1,1001.4,0,6.0,183,23.0,1,3600.0
2025-07-10 12:00:00,33.4,30,13.7,35.9,0.0,0.0,1011.5,1000.9,0,8.7,201,28.1,1,3600.0
2025-07-10 13:00:00,33.8,30,13.7,35.9,0.0,0.0,1011.0,1000.4,0,10.7,217,32.0,1,3600.0
2025-07-10 14:00:00,33.6,28,12.5,34.7,0.0,0.0,1010.7,1000.1,0,12.0,227,34.6,1,3600.0
2025-07-10 15:00:00,32.8,28,11.9,33.0,0.0,0.0,1010.2,999.6,0,12.1,228,34.6,1,3600.0
2025-07-10 16:00:00,31.8,29,11.3,31.0,0.0,0.0,1009.9,999.2,0,11.2,230,34.2,1,3600.0
2025-07-10 17:00:00,29.3,37,13.0,28.7,0.0,0.0,1010.5,999.7,0,10.2,217,31.3,1,3600.0
2025-07-10 18:00:00,27.3,44,13.9,27.4,0.0,0.0,1010.8,1000.0,0,7.7,216,27.7,1,3600.0
2025-07-10 19:00:00,25.1,52,14.5,25.6,0.0,0.0,1010.7,999.8,0,6.4,209,20.9,1,2388.83
2025-07-10 20:00:00,23.2,60,14.9,23.9,0.0,0.0,1010.9,999.9,0,6.2,202,16.6,0,0.0
2025-07-10 21:00:00,21.8,66,15.1,22.6,0.0,0.0,1011.3,1000.2,0,5.5,203,15.8,0,0.0
2025-07-10 22:00:00,20.7,71,15.1,21.7,0.0,0.0,1011.5,1000.4,0,4.4,199,14.0,0,0.0
2025-07-10 23:00:00,20.0,73,15.1,21.1,0.0,0.0,1011.7,1000.6,0,3.8,185,12.2,0,0.0
2025-07-11 00:00:00,19.5,75,14.8,20.4,0.0,0.0,1012.0,1000.8,0,4.2,170,10.8,0,0.0
2025-07-11 01:00:00,18.9,79,15.1,19.8,0.0,0.0,1012.2,1001.0,0,5.1,162,12.2,0,0.0
2025-07-11 02:00:00,18.2,84,15.4,19.2,0.0,0.0,1012.4,1001.2,1,5.3,152,13.0,0,0.0
2025-07-11 03:00:00,17.6,87,15.4,18.8,0.0,0.0,1012.4,1001.2,1,3.9,158,12.6,0,0.0
2025-07-11 04:00:00,17.2,89,15.4,18.5,0.0,0.0,1012.6,1001.4,2,3.1,167,8.6,0,0.0
2025-07-11 05:00:00,16.3,94,15.3,17.4,0.0,0.0,1013.2,1001.9,84,4.4,148,12.6,1,0.0
2025-07-11 06:00:00,16.9,89,15.1,17.9,0.0,0.0,1013.6,1002.3,76,4.9,156,14.8,1,1840.38
2025-07-11 07:00:00,18.1,80,14.6,18.9,0.0,0.0,1013.8,1002.6,79,4.7,157,16.9,1,3600.0
2025-07-11 08:00:00,20.1,70,14.4,21.0,0.0,0.0,1014.0,1002.8,31,3.6,162,17.6,1,3600.0
2025-07-11 09:00:00,22.6,58,14.0,23.7,0.0,0.0,1013.5,1002.4,5,3.3,167,18.4,1,3600.0
2025-07-11 10:00:00,25.4,49,14.0,27.4,0.0,0.0,1013.3,1002.4,2,5.1,172,22.0,1,3600.0
2025-07-11 11:00:00,27.9,43,14.1,30.4,0.0,0.0,1013.2,1002.3,2,6.7,172,25.2,1,3600.0
2025-07-11 12:00:00,29.6,38,13.8,32.0,0.0,0.0,1012.7,1001.9,0,8.6,181,28.8,1,3600.0
2025-07-11 13:00:00,30.1,38,14.1,32.4,0.0,0.0,1012.3,1001.5,0,10.1,191,31.3,1,3600.0
2025-07-11 14:00:00,29.9,39,14.4,31.9,0.0,0.0,1012.2,1001.4,0,10.5,196,32.0,1,3600.0
2025-07-11 15:00:00,29.6,39,14.1,30.9,0.0,0.0,1012.1,1001.3,0,10.0,195,32.0,1,3600.0
2025-07-11 16:00:00,28.7,40,13.9,29.0,0.0,0.0,1011.8,1001.0,0,9.7,192,30.2,1,3600.0
2025-07-11 17:00:00,26.0,52,15.4,26.4,0.0,0.0,1012.0,1001.1,0,9.3,195,28.4,1,3600.0
2025-07-11 18:00:00,24.2,57,15.3,24.8,0.0,0.0,1012.2,1001.2,1,8.1,197,26.6,1,3600.0
2025-07-11 19:00:00,22.1,65,15.1,22.7,0.0,0.0,1012.6,1001.5,2,7.8,199,23.0,1,2371.22
2025-07-11 20:00:00,20.4,71,15.0,21.1,0.0,0.0,1013.3,1002.2,2,6.5,194,20.9,0,0.0
2025-07-11 21:00:00,19.4,75,14.9,20.3,0.0,0.0,1014.0,1002.8,0,4.9,182,18.0,0,0.0
2025-07-11 22:00:00,18.7,79,14.9,19.7,0.0,0.0,1014.1,1002.9,0,4.0,183,14.4,0,0.0
2025-07-11 23:00:00,18.1,81,14.9,19.1,0.0,0.0,1014.3,1003.1,2,4.3,180,13.0,0,0.0
2025-07-12 00:00:00,17.7,83,14.8,18.7,0.0,0.0,1014.4,1003.2,19,4.0,180,13.0,0,0.0
2025-07-12 01:00:00,17.2,86,14.8,18.2,0.0,0.0,1014.4,1003.1,25,3.6,177,11.9,0,0.0
2025-07-12 02:00:00,16.8,88,14.8,17.8,0.0,0.0,1014.4,1003.1,92,3.4,174,10.8,0,0.0
2025-07-12 03:00:00,16.6,89,14.8,17.7,0.0,0.0,1014.6,1003.3,99,2.7,180,10.4,0,0.0
2025-07-12 04:00:00,16.6,89,14.8,17.8,0.0,0.0,1015.1,1003.8,100,2.0,207,9.0,0,0.0
2025-07-12 05:00:00,17.1,89,15.3,18.3,0.0,0.0,1015.0,1003.7,100,3.6,162,11.9,1,0.0
2025-07-12 06:00:00,17.3,88,15.3,18.4,0.0,0.0,1015.5,1004.2,100,4.3,156,14.0,1,0.0
2025-07-12 07:00:00,18.2,83,15.3,19.1,0.0,0.0,1016.1,1004.9,96,5.7,143,17.6,1,402.44
2025-07-12 08:00:00,19.8,74,15.1,20.6,0.0,0.0,1016.2,1005.0,55,6.2,144,20.9,1,3600.0
2025-07-12 09:00:00,22.0,64,14.9,22.8,0.0,0.0,1016.0,1004.9,9,5.8,164,22.3,1,3600.0
2025-07-12 10:00:00,24.2,56,14.8,26.2,0.0,0.0,1015.8,1004.8,12,5.6,174,23.4,1,3600.0
2025-07-12 11:00:00,26.5,48,14.7,29.3,0.0,0.0,1015.5,1004.6,9,6.0,173,24.5,1,3600.0
2025-07-12 12:00:00,28.5,43,14.6,31.4,0.0,0.0,1014.9,1004.0,2,7.2,181,26.6,1,3600.0
2025-07-12 13:00:00,29.2,42,14.8,31.8,0.0,0.0,1014.6,1003.8,0,9.2,197,30.2,1,3600.0
2025-07-12 14:00:00,29.1,42,14.8,31.2,0.0,0.0,1014.2,1003.4,0,10.2,210,31.7,1,3600.0
2025-07-12 15:00:00,28.6,42,14.6,29.9,0.0,0.0,1013.9,1003.1,0,10.5,215,31.7,1,3600.0
2025-07-12 16:00:00,27.1,47,14.9,27.5,0.0,0.0,1013.6,1002.7,0,11.1,219,32.0,1,3600.0
2025-07-12 17:00:00,25.2,52,14.8,25.2,0.0,0.0,1013.3,1002.3,2,10.2,222,30.6,1,3600.0
2025-07-12 18:00:00,23.0,61,15.0,23.3,0.0,0.0,1013.7,1002.7,2,9.4,228,29.2,1,3600.0
2025-07-12 19:00:00,20.9,69,15.0,21.3,0.0,0.0,1014.0,1002.9,1,8.2,234,25.9,1,2352.15
2025-07-12 20:00:00,19.4,76,15.0,20.1,0.0,0.0,1014.6,1003.4,1,6.7,236,21.6,0,0.0
2025-07-12 21:00:00,18.5,80,15.1,19.5,0.0,0.0,1015.2,1004.0,1,4.8,245,18.4,0,0.0
2025-07-12 22:00:00,17.8,84,15.1,18.9,0.0,0.0,1015.5,1004.2,0,4.2,258,14.8,0,0.0
2025-07-12 23:00:00,17.4,87,15.2,18.7,0.0,0.0,1015.6,1004.3,3,2.8,215,13.0,0,0.0
2025-07-13 00:00:00,17.1,89,15.2,18.5,0.0,0.0,1015.6,1004.3,8,2.3,209,10.4,0,0.0
2025-07-13 01:00:00,16.8,91,15.3,18.1,0.0,0.0,1015.4,1004.1,18,3.1,216,9.7,0,0.0
2025-07-13 02:00:00,16.7,91,15.2,18.0,0.0,0.0,1015.3,1004.0,71,3.1,220,11.2,0,0.0
2025-07-13 03:00:00,16.4,92,15.1,17.6,0.0,0.0,1015.5,1004.2,100,3.1,211,10.8,0,0.0
2025-07-13 04:00:00,16.3,92,15.0,17.6,0.0,0.0,1015.9,1004.6,100,2.4,207,10.4,0,0.0
2025-07-13 05:00:00,16.4,91,15.0,17.7,0.0,0.0,1015.7,1004.4,100,2.2,185,9.7,1,0.0
2025-07-13 06:00:00,16.6,90,14.9,17.9,0.0,0.0,1016.1,1004.8,100,2.0,170,10.8,1,0.0
2025-07-13 07:00:00,17.1,86,14.8,18.4,0.0,0.0,1016.4,1005.1,100,2.1,165,12.6,1,0.0
2025-07-13 08:00:00,18.8,77,14.7,20.0,0.0,0.0,1016.3,1005.1,72,2.2,171,15.1,1,3600.0
2025-07-13 09:00:00,21.4,64,14.4,22.4,0.0,0.0,1016.1,1005.0,54,2.6,192,17.3,1,3600.0
2025-07-13 10:00:00,24.4,53,14.2,26.4,0.0,0.0,1015.7,1004.7,12,4.4,192,20.9,1,3600.0
2025-07-13 11:00:00,26.8,46,14.3,29.3,0.0,0.0,1015.0,1004.1,1,6.9,200,25.6,1,3600.0
2025-07-13 12:00:00,27.8,45,14.9,30.3,0.0,0.0,1014.8,1003.9,1,9.9,215,31.3,1,3600.0
2025-07-13 13:00:00,27.8,45,14.9,30.0,0.0,0.0,1014.5,1003.6,1,11.7,221,34.9,1,3600.0
2025-07-13 14:00:00,27.4,45,14.4,29.0,0.0,0.0,1014.0,1003.1,0,11.8,227,35.6,1,3600.0
2025-07-13 15:00:00,26.7,46,14.1,27.6,0.0,0.0,1013.4,1002.5,0,11.7,229,35.3,1,3600.0
2025-07-13 16:00:00,25.5,50,14.2,25.6,0.0,0.0,1013.0,1002.1,0,10.8,223,34.2,1,3600.0
2025-07-13 17:00:00,23.8,57,14.8,23.9,0.0,0.0,1012.7,1001.7,1,10.2,222,31.7,1,3600.0
2025-07-13 18:00:00,22.2,64,15.0,22.6,0.0,0.0,1013.0,1001.9,0,8.8,219,29.2,1,3600.0
2025-07-13 19:00:00,20.3,72,15.0,20.7,0.0,0.0,1013.2,1002.1,0,8.1,209,24.5,1,2331.61
2025-07-13 20:00:00,18.6,80,15.1,19.2,0.0,0.0,1013.8,1002.6,0,7.3,208,21.6,0,0.0
2025-07-13 21:00:00,18.1,83,15.2,18.9,0.0,0.0,1014.3,1003.1,0,6.0,205,19.8,0,0.0
2025-07-13 22:00:00,17.9,85,15.3,18.8,0.0,0.0,1014.7,1003.5,4,5.4,195,16.6,0,0.0
2025-07-13 23:00:00,17.7,84,15.1,18.7,0.0,0.0,1014.9,1003.7,44,4.9,204,15.1,0,0.0
2025-07-14 00:00:00,17.3,86,15.0,18.2,0.0,0.0,1015.1,1003.8,53,4.6,198,14.0,0,0.0
2025-07-14 01:00:00,17.1,87,14.9,18.2,0.0,0.0,1015.0,1003.7,51,3.5,195,13.3,0,0.0
2025-07-14 02:00:00,17.0,86,14.7,18.0,0.0,0.0,1014.8,1003.5,100,3.8,205,12.2,0,0.0
2025-07-14 03:00:00,16.8,87,14.6,17.8,0.0,0.0,1014.7,1003.4,98,3.7,209,13.0,0,0.0
2025-07-14 04:00:00,16.6,88,14.6,17.6,0.0,0.0,1015.0,1003.7,100,3.5,192,13.0,0,0.0
2025-07-14 05:00:00,16.7,89,14.8,17.6,0.0,0.0,1014.9,1003.6,100,4.4,159,13.7,1,0.0
2025-07-14 06:00:00,16.7,89,14.8,17.5,0.0,0.0,1015.4,1004.1,100,5.2,149,15.8,1,0.0
2025-07-14 07:00:00,17.3,85,14.7,18.0,0.0,0.0,1015.6,1004.3,100,5.3,145,18.0,1,0.0
2025-07-14 08:00:00,18.4,78,14.6,19.3,0.0,0.0,1015.3,1004.1,83,3.8,161,18.4,1,47.5
2025-07-14 09:00:00,20.4,68,14.4,21.3,0.0,0.0,1014.8,1003.7,73,3.5,208,18.0,1,3600.0
2025-07-14 10:00:00,23.3,57,14.3,25.1,0.0,0.0,1014.4,1003.4,25,3.9,202,20.5,1,3600.0
2025-07-14 11:00:00,26.2,48,14.2,28.6,0.0,0.0,1013.8,1002.9,18,5.5,199,23.8,1,3600.0
2025-07-14 12:00:00,28.1,43,14.4,30.5,0.0,0.0,1013.2,1002.4,12,8.1,211,28.4,1,3600.0
2025-07-14 13:00:00,28.7,42,14.7,30.9,0.0,0.0,1012.4,1001.6,1,11.1,220,33.8,1,3600.0
2025-07-14 14:00:00,27.8,45,14.6,29.3,0.0,0.0,1012.0,1001.2,1,13.0,222,37.4,1,3600.0
2025-07-14 15:00:00,26.5,47,14.2,27.2,0.0,0.0,1011.9,1001.0,0,13.0,225,37.4,1,3600.0
2025-07-14 16:00:00,24.9,51,14.0,24.8,0.0,0.0,1011.9,1001.0,1,11.8,226,37.1,1,3600.0
2025-07-14 17:00:00,23.6,54,13.9,23.2,0.0,0.0,1011.4,1000.4,2,11.1,224,33.1,1,3600.0
2025-07-14 18:00:00,21.7,61,13.9,21.6,0.0,0.0,1011.7,1000.6,1,9.5,224,30.6,1,3600.0
2025-07-14 19:00:00,19.6,70,14.0,19.7,0.0,0.0,1012.0,1000.9,1,8.4,228,26.6,1,2309.61
2025-07-14 20:00:00,18.4,76,14.0,18.8,0.0,0.0,1012.7,1001.5,0,5.9,227,23.0,0,0.0
2025-07-14 21:00:00,17.8,78,14.0,18.4,0.0,0.0,1013.4,1002.2,0,4.4,232,17.3,0,0.0
2025-07-14 22:00:00,17.4,80,13.9,18.1,0.0,0.0,1014.0,1002.7,0,3.6,233,13.7,0,0.0
2025-07-14 23:00:00,17.0,83,14.0,17.8,0.0,0.0,1013.9,1002.6,0,2.8,243,12.2,0,0.0
2025-07-15 00:00:00,16.6,85,14.0,17.5,0.0,0.0,1014.1,1002.8,0,2.1,250,10.4,0,0.0
2025-07-15 01:00:00,16.3,86,14.0,17.3,0.0,0.0,1014.1,1002.8,5,1.9,197,8.3,0,0.0
2025-07-15 02:00:00,16.0,88,14.0,17.0,0.0,0.0,1014.1,1002.8,28,1.8,169,6.8,0,0.0
2025-07-15 03:00:00,15.8,90,14.2,17.0,0.0,0.0,1014.2,1002.9,52,0.7,194,6.1,0,0.0
2025-07-15 04:00:00,15.5,90,14.0,16.4,0.0,0.0,1013.9,1002.6,54,2.4,297,6.5,0,0.0
2025-07-15 05:00:00,15.3,93,14.3,16.3,0.0,0.0,1013.7,1002.4,43,3.0,284,7.9,1,0.0
2025-07-15 06:00:00,16.2,89,14.3,17.2,0.0,0.0,1014.2,1002.9,94,2.5,274,10.4,1,1670.86
2025-07-15 07:00:00,17.7,81,14.4,18.7,0.0,0.0,1014.6,1003.4,81,3.1,177,14.0,1,3600.0
2025-07-15 08:00:00,19.8,71,14.4,20.5,0.0,0.0,1014.8,1003.6,83,5.0,165,19.1,1,3600.0
2025-07-15 09:00:00,21.7,63,14.4,22.3,0.0,0.0,1014.3,1003.2,54,5.8,184,22.0,1,3600.0
2025-07-15 10:00:00,24.1,54,14.3,25.8,0.0,0.0,1014.1,1003.1,22,6.1,180,23.8,1,3600.0
2025-07-15 11:00:00,26.4,47,14.3,28.9,0.0,0.0,1013.8,1002.9,3,6.8,182,25.9,1,3600.0
2025-07-15 12:00:00,28.1,43,14.2,30.5,0.0,0.0,1013.4,1002.6,2,9.0,190,29.5,1,3600.0
2025-07-15 13:00:00,28.3,42,14.0,30.3,0.0,0.0,1013.1,1002.3,0,11.0,195,33.1,1,3600.0
2025-07-15 14:00:00,28.0,41,13.6,29.4,0.0,0.0,1012.5,1001.7,0,11.3,202,33.8,1,3600.0
2025-07-15 15:00:00,27.3,43,13.5,28.2,0.0,0.0,1012.0,1001.1,0,10.3,205,33.5,1,3600.0
2025-07-15 16:00:00,26.0,47,13.7,26.1,0.0,0.0,1011.7,1000.8,0,10.2,210,31.3,1,3600.0
2025-07-15 17:00:00,24.7,49,13.2,24.2,0.0,0.0,1011.7,1000.7,0,10.2,212,29.5,1,3600.0
2025-07-15 18:00:00,22.8,54,13.1,22.4,0.0,0.0,1011.9,1000.9,0,9.4,215,28.4,1,3600.0
2025-07-15 19:00:00,20.6,63,13.3,20.3,0.0,0.0,1012.6,1001.5,0,8.6,217,25.2,1,2286.14
2025-07-15 20:00:00,19.3,69,13.4,19.4,0.0,0.0,1013.0,1001.8,0,6.5,219,21.6,0,0.0
2025-07-15 21:00:00,18.6,72,13.5,18.8,0.0,0.0,1013.6,1002.4,0,5.6,220,16.9,0,0.0
2025-07-15 22:00:00,18.1,75,13.5,18.4,0.0,0.0,1014.0,1002.8,0,5.0,215,14.8,0,0.0
2025-07-15 23:00:00,17.8,76,13.4,18.4,0.0,0.0,1014.5,1003.3,1,3.3,193,13.3,0,0.0
2025-07-16 00:00:00,17.5,77,13.5,18.1,0.0,0.0,1014.4,1003.1,7,3.0,194,9.0,0,0.0
2025-07-16 01:00:00,17.1,80,13.5,17.6,0.0,0.0,1014.2,1002.9,1,3.8,199,9.7,0,0.0
2025-07-16 02:00:00,16.6,82,13.6,17.4,0.0,0.0,1014.2,1002.9,0,2.6,219,10.1,0,0.0
2025-07-16 03:00:00,16.2,85,13.7,17.1,0.0,0.0,1014.3,1003.0,2,1.7,283,6.8,0,0.0
2025-07-16 04:00:00,15.7,88,13.7,16.7,0.0,0.0,1014.5,1003.2,4,1.2,297,5.0,0,0.0
2025-07-16 05:00:00,16.2,85,13.7,17.0,0.0,0.0,1014.1,1002.8,0,2.3,241,6.5,1,0.0
2025-07-16 06:00:00,16.5,84,13.8,17.3,0.0,0.0,1014.5,1003.2,8,2.6,254,10.1,1,2388.99
2025-07-16 07:00:00,18.1,78,14.1,19.0,0.0,0.0,1015.0,1003.8,13,2.4,222,13.3,1,3600.0
2025-07-16 08:00:00,20.4,68,14.2,21.1,0.0,0.0,1014.9,1003.8,72,4.2,168,18.4,1,3600.0
2025-07-16 09:00:00,22.4,59,14.0,23.2,0.0,0.0,1014.5,1003.4,26,4.3,182,19.4,1,3600.0
2025-07-16 10:00:00,24.7,51,13.8,26.5,0.0,0.0,1014.3,1003.3,5,5.6,186,22.7,1,3600.0
2025-07-16 11:00:00,26.7,45,13.7,28.9,0.0,0.0,1013.9,1003.0,1,7.1,190,26.3,1,3600.0
2025-07-16 12:00:00,27.8,41,13.3,29.9,0.0,0.0,1013.2,1002.3,0,8.9,198,29.5,1,3600.0
2025-07-16 13:00:00,28.4,38,12.9,30.2,0.0,0.0,1012.4,1001.6,0,9.6,208,30.6,1,3600.0
2025-07-16 14:00:00,28.5,38,12.8,29.9,0.0,0.0,1011.7,1000.9,0,10.1,213,31.3,1,3600.0
2025-07-16 15:00:00,27.7,41,13.3,28.3,0.0,0.0,1011.5,1000.7,0,11.4,211,33.1,1,3600.0
2025-07-16 16:00:00,26.2,46,13.5,26.0,0.0,0.0,1011.6,1000.7,0,11.2,215,33.5,1,3600.0
2025-07-16 17:00:00,24.1,53,13.8,23.9,0.0,0.0,1011.7,1000.7,48,9.6,220,29.9,1,3600.0
2025-07-16 18:00:00,22.8,57,13.8,22.8,0.0,0.0,1012.1,1001.1,19,8.3,222,27.4,1,3600.0
2025-07-16 19:00:00,21.2,63,13.8,21.3,0.0,0.0,1012.6,1001.5,0,8.0,224,23.4,1,2261.21
2025-07-16 20:00:00,20.0,68,13.8,20.2,0.0,0.0,1013.1,1002.0,0,6.4,220,20.5,0,0.0
2025-07-16 21:00:00,19.4,70,13.8,19.8,0.0,0.0,1013.4,1002.2,0,5.4,228,16.9,0,0.0
2025-07-16 22:00:00,18.8,73,13.8,19.3,0.0,0.0,1013.5,1002.3,0,5.0,224,14.8,0,0.0
2025-07-16 23:00:00,18.3,75,13.9,19.1,0.0,0.0,1013.5,1002.3,0,3.2,218,13.3,0,0.0
2025-07-17 00:00:00,18.0,76,13.8,18.8,0.0,0.0,1013.4,1002.2,0,2.9,240,9.4,0,0.0
2025-07-17 01:00:00,17.7,79,13.9,18.5,0.0,0.0,1013.3,1002.1,0,3.1,246,8.3,0,0.0
2025-07-17 02:00:00,17.2,81,14.0,18.0,0.0,0.0,1013.2,1001.9,0,3.5,261,9.0,0,0.0
2025-07-17 03:00:00,16.9,83,14.0,17.9,0.0,0.0,1013.2,1001.9,0,1.9,241,8.6,0,0.0
2025-07-17 04:00:00,16.5,86,14.2,17.7,0.0,0.0,1013.4,1002.1,0,0.5,225,5.8,0,0.0
2025-07-17 05:00:00,16.9,83,14.1,18.2,0.0,0.0,1013.5,1002.2,35,0.4,243,3.6,1,0.0
2025-07-17 06:00:00,17.5,80,13.9,18.5,0.0,0.0,1014.0,1002.8,12,1.7,252,8.3,1,1941.64
2025-07-17 07:00:00,18.8,73,13.8,19.8,0.0,0.0,1014.3,1003.1,1,1.9,241,11.2,1,3600.0
2025-07-17 08:00:00,20.9,63,13.7,21.5,0.0,0.0,1014.4,1003.3,0,3.7,241,16.2,1,3600.0
2025-07-17 09:00:00,23.4,54,13.5,23.9,0.0,0.0,1014.1,1003.1,0,5.1,222,20.5,1,3600.0
2025-07-17 10:00:00,25.8,46,13.4,27.3,0.0,0.0,1013.6,1002.7,0,6.5,210,23.8,1,3600.0
2025-07-17 11:00:00,27.9,42,13.7,30.0,0.0,0.0,1013.2,1002.3,7,8.1,209,27.0,1,3600.0
2025-07-17 12:00:00,28.8,40,13.8,30.7,0.0,0.0,1012.9,1002.1,8,11.0,214,32.4,1,3600.0
2025-07-17 13:00:00,28.6,41,13.9,30.2,0.0,0.0,1012.4,1001.6,0,12.5,223,36.0,1,3600.0
2025-07-17 14:00:00,27.9,42,13.7,29.1,0.0,0.0,1012.4,1001.6,0,12.6,224,36.4,1,3600.0
2025-07-17 15:00:00,27.2,43,13.7,27.8,0.0,0.0,1012.1,1001.2,0,12.1,226,36.4,1,3600.0
2025-07-17 16:00:00,26.1,47,13.9,26.0,0.0,0.0,1011.9,1001.0,0,11.5,225,34.6,1,3600.0
2025-07-17 17:00:00,24.9,51,14.0,24.7,0.0,0.0,1011.2,1000.3,9,10.6,228,34.2,1,3600.0
2025-07-17 18:00:00,22.9,59,14.4,22.7,0.0,0.0,1011.6,1000.6,7,11.2,213,29.2,1,3600.0
2025-07-17 19:00:00,20.8,67,14.5,21.1,0.0,0.0,1012.7,1001.6,11,7.6,225,29.2,1,2234.83
2025-07-17 20:00:00,20.0,71,14.6,20.5,0.0,0.0,1013.1,1002.0,2,7.2,217,19.8,0,0.0
2025-07-17 21:00:00,19.3,74,14.6,20.2,0.0,0.0,1013.8,1002.6,0,4.4,218,19.4,0,0.0
2025-07-17 22:00:00,19.0,76,14.7,20.0,0.0,0.0,1013.9,1002.7,6,3.8,221,13.0,0,0.0
2025-07-17 23:00:00,18.5,79,14.8,19.6,0.0,0.0,1014.1,1002.9,5,3.7,227,12.6,0,0.0
2025-07-18 00:00:00,18.1,82,15.0,19.2,0.0,0.0,1014.0,1002.8,19,3.2,243,11.2,0,0.0
2025-07-18 01:00:00,17.6,85,15.0,19.0,0.0,0.0,1014.0,1002.8,15,1.9,241,9.7,0,0.0
2025-07-18 02:00:00,17.4,85,14.9,19.0,0.0,0.0,1013.9,1002.6,8,0.4,297,6.8,0,0.0
2025-07-18 03:00:00,17.3,84,14.7,18.7,0.0,0.0,1014.1,1002.8,0,0.8,315,3.6,0,0.0
2025-07-18 04:00:00,17.1,85,14.6,18.5,0.0,0.0,1014.4,1003.1,8,0.9,259,3.6,0,0.0
2025-07-18 05:00:00,17.3,87,15.1,18.9,0.0,0.0,1015.0,1003.7,13,0.8,333,7.9,1,0.0
2025-07-18 06:00:00,18.0,83,15.1,19.0,0.0,0.0,1015.1,1003.9,7,4.2,295,13.0,1,2315.52
2025-07-18 07:00:00,20.0,72,14.8,20.7,0.0,0.0,1015.3,1004.1,14,5.9,220,18.4,1,3600.0
2025-07-18 08:00:00,21.5,65,14.6,21.8,0.0,0.0,1015.6,1004.5,18,7.7,164,25.6,1,3600.0
2025-07-18 09:00:00,24.0,55,14.3,24.7,0.0,0.0,1015.2,1004.2,38,4.7,198,23.0,1,3600.0
2025-07-18 10:00:00,25.9,50,14.6,27.4,0.0,0.0,1015.0,1004.1,22,8.4,203,27.4,1,3600.0
2025-07-18 11:00:00,27.0,48,15.0,29.1,0.0,0.0,1014.7,1003.8,20,9.1,207,29.5,1,3600.0
2025-07-18 12:00:00,27.9,45,14.8,30.2,0.0,0.0,1014.3,1003.4,12,10.2,212,31.0,1,3600.0
2025-07-18 13:00:00,28.0,44,14.5,29.4,0.0,0.0,1013.5,1002.6,52,12.0,229,34.9,1,3600.0
2025-07-18 14:00:00,27.6,43,14.1,28.6,0.0,0.0,1013.5,1002.6,10,10.8,218,35.3,1,3600.0
2025-07-18 15:00:00,27.9,42,13.7,28.9,0.0,0.0,1013.3,1002.4,38,9.7,220,32.0,1,3600.0
2025-07-18 16:00:00,26.9,43,13.4,26.2,0.0,0.0,1012.4,1001.5,25,12.4,228,33.8,1,3600.0
2025-07-18 17:00:00,26.0,49,14.6,25.9,0.0,0.0,1012.1,1001.2,2,10.5,200,30.6,1,3600.0
2025-07-18 18:00:00,23.5,58,14.8,23.7,0.0,0.0,1012.7,1001.7,10,9.4,211,29.2,1,3600.0
2025-07-18 19:00:00,21.1,68,15.0,21.5,0.0,0.0,1013.0,1001.9,69,8.5,215,25.6,1,2181.06
2025-07-18 20:00:00,19.7,75,15.2,20.5,0.0,0.0,1013.8,1002.6,17,6.8,198,21.6,0,0.0
2025-07-18 21:00:00,19.2,78,15.3,20.1,0.0,0.0,1014.8,1003.6,6,6.3,180,18.4,0,0.0
2025-07-18 22:00:00,19.2,79,15.5,20.2,0.0,0.0,1015.6,1004.4,11,5.2,180,17.3,0,0.0
2025-07-18 23:00:00,18.9,81,15.5,20.2,0.0,0.0,1015.7,1004.5,10,3.4,177,14.0,0,0.0
2025-07-19 00:00:00,18.4,84,15.6,19.8,0.0,0.0,1015.8,1004.6,17,3.5,165,10.1,0,0.0
2025-07-19 01:00:00,18.2,85,15.7,19.6,0.0,0.0,1015.4,1004.2,19,3.1,156,10.1,0,0.0
2025-07-19 02:00:00,18.2,85,15.7,19.6,0.0,0.0,1015.3,1004.1,37,3.5,168,10.1,0,0.0
2025-07-19 03:00:00,18.1,85,15.6,19.5,0.0,0.0,1015.4,1004.2,61,3.1,156,10.1,0,0.0
2025-07-19 04:00:00,18.1,85,15.6,19.4,0.0,0.0,1015.8,1004.6,100,4.0,153,11.2,0,0.0
2025-07-19 05:00:00,18.3,86,15.9,19.6,0.0,0.0,1015.4,1004.2,100,5.1,132,14.4,1,0.0
2025-07-19 06:00:00,18.5,85,15.9,19.8,0.0,0.0,1015.7,1004.5,98,5.1,132,14.4,1,0.0
2025-07-19 07:00:00,18.9,82,15.9,20.1,0.0,0.0,1016.5,1005.3,100,5.7,139,17.3,1,0.0
2025-07-19 08:00:00,19.9,77,15.8,21.1,0.0,0.0,1016.8,1005.6,100,5.5,136,18.4,1,0.0
2025-07-19 09:00:00,21.3,70,15.7,22.5,0.0,0.0,1016.2,1005.1,56,5.1,153,19.1,1,527.65
2025-07-19 10:00:00,23.7,60,15.6,24.9,0.0,0.0,1015.7,1004.7,70,5.6,158,22.3,1,3600.0
2025-07-19 11:00:00,26.0,53,15.6,28.5,0.0,0.0,1015.1,1004.2,20,6.2,170,24.5,1,3600.0
2025-07-19 12:00:00,28.0,47,15.5,30.9,0.0,0.0,1014.5,1003.6,9,8.6,188,28.4,1,3600.0
2025-07-19 13:00:00,28.1,46,15.5,30.2,0.0,0.0,1014.2,1003.3,7,12.7,212,36.0,1,3600.0
2025-07-19 14:00:00,27.6,46,15.0,29.4,0.0,0.0,1013.9,1003.0,8,11.4,219,37.4,1,3600.0
2025-07-19 15:00:00,27.6,45,14.6,28.7,0.0,0.0,1013.7,1002.8,3,10.0,216,33.1,1,3600.0
2025-07-19 16:00:00,26.8,47,14.6,26.9,0.0,0.0,1013.3,1002.4,4,10.8,218,30.6,1,3600.0
2025-07-19 17:00:00,24.7,56,15.4,24.8,0.0,0.0,1013.2,1002.2,3,12.1,218,32.0,1,3600.0
2025-07-19 18:00:00,22.6,65,15.6,23.1,0.0,0.0,1013.9,1002.8,3,9.4,211,32.4,1,3600.0
2025-07-19 19:00:00,20.9,72,15.7,21.6,0.0,0.0,1014.5,1003.4,3,8.2,202,25.6,1,2177.72
2025-07-19 20:00:00,20.1,76,15.7,21.0,0.0,0.0,1015.3,1004.1,11,6.5,188,21.6,0,0.0
2025-07-19 21:00:00,19.6,77,15.5,20.7,0.0,0.0,1015.9,1004.7,24,4.6,154,17.3,0,0.0
2025-07-19 22:00:00,19.2,78,15.3,20.2,0.0,0.0,1016.1,1004.9,19,4.9,147,13.7,0,0.0
2025-07-19 23:00:00,19.0,78,15.0,20.0,0.0,0.0,1015.9,1004.7,55,4.5,151,14.4,0,0.0
2025-07-20 00:00:00,18.9,78,15.0,19.9,0.0,0.0,1015.7,1004.5,55,3.8,169,13.0,0,0.0
2025-07-20 01:00:00,18.7,79,15.0,19.8,0.0,0.0,1015.3,1004.1,74,3.6,183,11.5,0,0.0
2025-07-20 02:00:00,18.6,80,15.0,19.7,0.0,0.0,1015.3,1004.1,95,3.4,186,10.8,0,0.0
2025-07-20 03:00:00,18.6,80,15.0,19.7,0.0,0.0,1014.9,1003.7,78,3.4,155,9.7,0,0.0
2025-07-20 04:00:00,18.5,80,15.0,19.5,0.0,0.0,1014.9,1003.7,98,4.7,130,12.2,0,0.0
2025-07-20 05:00:00,18.5,83,15.6,19.5,0.0,0.0,1014.8,1003.6,100,6.3,129,16.9,1,0.0
2025-07-20 06:00:00,18.6,83,15.7,19.7,0.0,0.0,1015.3,1004.1,100,5.4,127,16.6,1,0.0
2025-07-20 07:00:00,19.0,81,15.7,20.2,0.0,0.0,1015.7,1004.5,100,5.0,134,15.8,1,0.0
2025-07-20 08:00:00,19.8,76,15.5,20.9,0.0,0.0,1015.9,1004.7,100,5.1,138,17.3,1,0.0
2025-07-20 09:00:00,21.2,69,15.3,22.3,0.0,0.0,1015.6,1004.5,98,4.6,138,18.0,1,980.72
2025-07-20 10:00:00,23.6,59,15.2,24.6,0.0,0.0,1015.2,1004.2,81,5.0,165,20.5,1,3600.0
2025-07-20 11:00:00,25.9,52,15.2,28.4,0.0,0.0,1014.6,1003.7,26,6.3,180,24.5,1,3600.0
2025-07-20 12:00:00,27.8,46,15.1,30.4,0.0,0.0,1013.8,1002.9,11,8.5,193,28.4,1,3600.0
2025-07-20 13:00:00,27.8,47,15.3,30.0,0.0,0.0,1013.3,1002.4,3,11.4,208,33.8,1,3600.0
2025-07-20 14:00:00,26.8,50,15.4,28.6,0.0,0.0,1013.3,1002.4,0,12.0,216,35.6,1,3600.0
2025-07-20 15:00:00,26.1,52,15.4,27.6,0.0,0.0,1013.0,1002.1,0,10.6,226,35.3,1,3600.0
2025-07-20 16:00:00,25.7,53,15.4,26.4,0.0,0.0,1012.9,1002.0,1,9.7,228,31.7,1,3600.0
2025-07-20 17:00:00,24.1,58,15.5,24.3,0.0,0.0,1012.4,1001.4,4,11.1,220,30.6,1,3600.0
2025-07-20 18:00:00,22.4,64,15.2,22.5,0.0,0.0,1012.7,1001.6,2,10.6,219,30.6,1,3600.0
2025-07-20 19:00:00,20.8,71,15.3,21.3,0.0,0.0,1013.2,1002.1,3,8.4,223,27.7,1,2147.0
2025-07-20 20:00:00,20.0,75,15.4,20.8,0.0,0.0,1014.1,1002.9,17,6.6,223,21.2,0,0.0
2025-07-20 21:00:00,19.5,77,15.4,20.6,0.0,0.0,1014.6,1003.4,41,4.8,200,17.3,0,0.0
2025-07-20 22:00:00,19.2,78,15.3,20.4,0.0,0.0,1014.8,1003.6,80,4.2,175,13.3,0,0.0
2025-07-20 23:00:00,18.9,79,15.2,19.9,0.0,0.0,1014.8,1003.6,100,4.8,195,14.0,0,0.0
2025-07-21 00:00:00,18.7,79,15.0,19.6,0.0,0.0,1014.7,1003.5,100,4.7,220,13.7,0,0.0
2025-07-21 01:00:00,18.6,79,14.8,19.6,0.0,0.0,1014.4,1003.2,100,4.0,216,13.3,0,0.0
2025-07-21 02:00:00,18.5,78,14.6,19.3,0.0,0.0,1014.4,1003.2,100,4.3,202,12.6,0,0.0
2025-07-21 03:00:00,18.4,78,14.4,19.2,0.0,0.0,1014.6,1003.4,100,3.8,188,12.6,0,0.0
2025-07-21 04:00:00,18.3,77,14.2,19.2,0.0,0.0,1014.8,1003.6,100,3.4,186,11.5,0,0.0
2025-07-21 05:00:00,18.9,77,14.8,19.7,0.0,0.0,1014.6,1003.4,100,5.1,153,14.8,1,0.0
2025-07-21 06:00:00,19.2,75,14.7,20.0,0.0,0.0,1015.0,1003.8,100,4.8,158,13.7,1,0.0
2025-07-21 07:00:00,19.8,73,14.7,20.6,0.0,0.0,1015.5,1004.3,100,4.8,158,15.1,1,0.0
2025-07-21 08:00:00,20.3,70,14.5,20.9,0.0,0.0,1015.7,1004.5,100,5.5,167,17.3,1,0.0
2025-07-21 09:00:00,21.6,63,14.2,22.0,0.0,0.0,1015.6,1004.5,71,6.4,169,20.9,1,536.84
2025-07-21 10:00:00,23.4,55,13.8,23.5,0.0,0.0,1015.4,1004.4,42,7.4,167,24.5,1,3600.0
2025-07-21 11:00:00,24.5,51,13.7,25.3,0.0,0.0,1014.8,1003.8,45,8.2,170,27.0,1,3600.0
2025-07-21 12:00:00,26.2,46,13.6,27.9,0.0,0.0,1014.4,1003.5,28,7.7,169,27.7,1,3600.0
2025-07-21 13:00:00,27.2,43,13.6,29.1,0.0,0.0,1013.6,1002.7,2,8.2,190,27.7,1,3600.0
2025-07-21 14:00:00,27.5,43,13.7,29.2,0.0,0.0,1013.1,1002.2,0,9.8,212,30.6,1,3600.0
2025-07-21 15:00:00,27.0,44,13.6,27.9,0.0,0.0,1012.6,1001.7,0,11.0,215,32.4,1,3600.0
2025-07-21 16:00:00,26.1,47,13.8,26.1,0.0,0.0,1012.3,1001.4,0,10.9,214,32.4,1,3600.0
2025-07-21 17:00:00,24.2,56,14.8,24.2,0.0,0.0,1012.1,1001.1,0,10.5,219,29.9,1,3600.0
2025-07-21 18:00:00,22.2,64,15.0,22.3,0.0,0.0,1012.8,1001.7,1,10.4,228,29.5,1,3600.0
2025-07-21 19:00:00,20.4,72,15.1,20.8,0.0,0.0,1013.3,1002.2,4,8.6,240,27.0,1,2114.83
2025-07-21 20:00:00,19.5,76,15.3,20.2,0.0,0.0,1014.0,1002.8,14,7.3,240,21.6,0,0.0
2025-07-21 21:00:00,19.2,78,15.3,20.2,0.0,0.0,1014.5,1003.3,46,5.2,236,18.4,0,0.0
2025-07-21 22:00:00,19.3,77,15.2,20.3,0.0,0.0,1014.7,1003.5,100,4.7,223,14.4,0,0.0
2025-07-21 23:00:00,19.2,78,15.2,20.2,0.0,0.0,1014.8,1003.6,100,4.4,210,13.3,0,0.0
2025-07-22 00:00:00,19.0,78,15.1,20.2,0.0,0.0,1014.7,1003.5,100,3.6,207,12.2,0,0.0
2025-07-22 01:00:00,18.9,78,14.9,20.1,0.0,0.0,1014.3,1003.1,100,3.0,197,10.1,0,0.0
2025-07-22 02:00:00,19.1,76,14.7,20.1,0.0,0.0,1014.2,1003.0,100,3.4,177,9.7,0,0.0
2025-07-22 03:00:00,19.1,74,14.4,20.0,0.0,0.0,1014.3,1003.1,97,3.5,165,9.7,0,0.0
2025-07-22 04:00:00,19.1,74,14.3,19.9,0.0,0.0,1014.5,1003.3,100,3.5,159,9.4,0,0.0
2025-07-22 05:00:00,19.6,74,14.9,20.8,0.0,0.0,1014.2,1003.0,100,2.7,138,7.6,1,0.0
2025-07-22 06:00:00,19.8,73,14.8,20.7,0.1,0.1,1014.6,1003.4,100,4.3,135,11.5,1,0.0
2025-07-22 07:00:00,20.3,70,14.7,21.0,0.1,0.1,1015.0,1003.8,100,5.7,139,16.2,1,0.0
2025-07-22 08:00:00,21.1,66,14.5,21.7,0.0,0.0,1015.5,1004.4,100,6.0,139,18.0,1,0.0
2025-07-22 09:00:00,21.9,62,14.2,22.3,0.0,0.0,1015.7,1004.6,92,6.6,143,19.8,1,0.0
2025-07-22 10:00:00,23.1,56,13.9,23.4,0.0,0.0,1015.4,1004.3,52,6.5,157,21.2,1,91.12
2025-07-22 11:00:00,25.0,50,13.7,26.0,0.0,0.0,1014.9,1003.9,24,6.7,180,23.8,1,3600.0
2025-07-22 12:00:00,26.4,47,14.0,28.6,0.0,0.0,1014.3,1003.4,18,7.3,208,25.9,1,3600.0
2025-07-22 13:00:00,27.0,47,14.7,29.4,0.0,0.0,1013.5,1002.6,5,9.7,220,30.6,1,3600.0
2025-07-22 14:00:00,26.6,49,14.9,28.5,0.0,0.0,1013.3,1002.4,1,11.5,224,33.8,1,3600.0
2025-07-22 15:00:00,25.7,50,14.6,26.7,0.0,0.0,1013.2,1002.3,0,12.1,228,34.9,1,3600.0
2025-07-22 16:00:00,24.6,52,14.2,24.7,0.0,0.0,1012.9,1001.9,0,11.4,231,34.6,1,3600.0
2025-07-22 17:00:00,23.4,58,14.7,23.4,0.0,0.0,1013.0,1002.0,0,10.4,226,31.7,1,3600.0
2025-07-22 18:00:00,21.8,65,14.8,21.9,0.0,0.0,1013.5,1002.4,0,9.8,227,29.2,1,3600.0
2025-07-22 19:00:00,19.9,73,15.0,20.4,0.0,0.0,1014.0,1002.8,0,7.8,230,25.9,1,2081.23
2025-07-22 20:00:00,19.0,78,15.1,20.0,0.0,0.0,1014.7,1003.5,0,5.0,224,19.4,0,0.0
2025-07-22 21:00:00,18.6,80,15.2,19.9,0.0,0.0,1015.6,1004.4,0,2.8,207,13.3,0,0.0
2025-07-22 22:00:00,18.4,82,15.3,19.7,0.0,0.0,1015.9,1004.7,0,2.6,205,9.0,0,0.0
2025-07-22 23:00:00,18.3,83,15.3,19.6,0.0,0.0,1016.2,1005.0,17,3.0,197,7.6,0,0.0
2025-07-23 00:00:00,18.1,83,15.1,19.3,0.0,0.0,1016.5,1005.2,45,3.1,208,7.9,0,0.0
2025-07-23 01:00:00,17.7,84,14.9,18.9,0.0,0.0,1016.5,1005.2,100,2.8,215,7.6,0,0.0
2025-07-23 02:00:00,17.8,82,14.7,18.9,0.0,0.0,1016.4,1005.1,100,2.9,223,9.4,0,0.0
2025-07-23 03:00:00,17.6,82,14.5,18.8,0.0,0.0,1016.3,1005.0,100,2.0,225,8.3,0,0.0
2025-07-23 04:00:00,17.6,82,14.5,18.8,0.0,0.0,1016.6,1005.3,95,1.4,230,6.5,0,0.0
2025-07-23 05:00:00,18.2,82,15.0,19.6,0.0,0.0,1016.3,1005.1,36,2.0,207,5.4,1,0.0
2025-07-23 06:00:00,18.6,79,14.9,19.8,0.0,0.0,1016.8,1005.6,24,2.3,212,8.6,1,1209.83
2025-07-23 07:00:00,19.7,72,14.5,20.6,0.0,0.0,1017.3,1006.1,12,3.5,168,13.3,1,3600.0
2025-07-23 08:00:00,21.0,64,14.0,21.7,0.0,0.0,1017.6,1006.4,9,4.1,180,16.9,1,3600.0
2025-07-23 09:00:00,22.8,57,13.8,23.7,0.0,0.0,1017.3,1006.2,2,4.5,185,19.4,1,3600.0
2025-07-23 10:00:00,25.0,49,13.6,26.8,0.0,0.0,1016.9,1005.9,0,5.1,198,21.6,1,3600.0
2025-07-23 11:00:00,26.7,45,13.9,29.0,0.0,0.0,1016.6,1005.7,0,7.4,212,25.9,1,3600.0
2025-07-23 12:00:00,27.5,44,14.2,29.9,0.0,0.0,1016.3,1005.4,0,9.6,220,30.2,1,3600.0
2025-07-23 13:00:00,28.0,42,14.1,30.2,0.0,0.0,1015.8,1004.9,0,10.3,220,32.0,1,3600.0
2025-07-23 14:00:00,27.9,41,13.5,29.2,0.0,0.0,1015.7,1004.8,0,12.1,224,34.9,1,3600.0
2025-07-23 15:00:00,26.9,42,12.8,27.2,0.0,0.0,1015.8,1004.9,0,12.8,230,36.0,1,3600.0
2025-07-23 16:00:00,26.0,44,13.0,25.7,0.0,0.0,1015.6,1004.7,0,11.4,229,35.6,1,3600.0
2025-07-23 17:00:00,24.4,52,13.9,24.0,0.0,0.0,1015.3,1004.3,0,10.7,224,33.1,1,3600.0
2025-07-23 18:00:00,22.5,58,13.8,22.3,0.0,0.0,1015.7,1004.6,1,9.4,230,29.2,1,3600.0
2025-07-23 19:00:00,20.9,64,13.8,21.1,0.0,0.0,1016.1,1005.0,0,6.6,235,24.5,1,2046.19
2025-07-23 20:00:00,20.0,67,13.8,20.5,0.0,0.0,1016.5,1005.3,0,4.8,225,16.6,0,0.0
2025-07-23 21:00:00,19.3,70,13.8,19.8,0.0,0.0,1016.7,1005.5,0,5.0,201,12.6,0,0.0
2025-07-23 22:00:00,18.5,76,14.1,19.2,0.0,0.0,1017.2,1006.0,0,4.2,190,13.3,0,0.0
2025-07-23 23:00:00,18.0,79,14.3,18.9,0.0,0.0,1017.6,1006.3,0,3.2,164,10.4,0,0.0
2025-07-24 00:00:00,17.7,82,14.6,18.7,0.0,0.0,1017.6,1006.3,0,3.3,167,8.6,0,0.0
2025-07-24 01:00:00,17.1,86,14.8,18.2,0.0,0.0,1017.6,1006.3,0,3.6,160,8.3,0,0.0
2025-07-24 02:00:00,16.7,90,15.0,17.8,0.0,0.0,1017.7,1006.4,0,3.5,159,8.6,0,0.0
2025-07-24 03:00:00,16.1,93,14.9,17.3,0.0,0.0,1017.7,1006.4,0,2.9,120,7.9,0,0.0
2025-07-24 04:00:00,15.7,93,14.6,16.7,0.0,0.0,1017.9,1006.5,0,3.2,124,6.8,0,0.0
2025-07-24 05:00:00,15.5,94,14.5,16.6,0.0,0.0,1018.0,1006.6,0,2.4,153,7.2,1,0.0
2025-07-24 06:00:00,16.2,91,14.7,17.3,0.0,0.0,1018.5,1007.2,1,3.1,135,7.9,1,2088.87
2025-07-24 07:00:00,18.1,81,14.8,19.2,0.0,0.0,1018.9,1007.6,6,3.6,143,14.0,1,3600.0
2025-07-24 08:00:00,20.4,68,14.3,21.3,0.0,0.0,1019.0,1007.8,3,2.8,162,15.1,1,3600.0
2025-07-24 09:00:00,23.0,57,13.9,24.0,0.0,0.0,1018.5,1007.4,0,4.5,182,19.1,1,3600.0
2025-07-24 10:00:00,25.6,47,13.5,27.3,0.0,0.0,1018.5,1007.5,3,6.3,193,23.4,1,3600.0
2025-07-24 11:00:00,27.6,40,13.0,29.5,0.0,0.0,1018.2,1007.3,0,8.2,206,27.0,1,3600.0
2025-07-24 12:00:00,28.6,38,12.8,30.4,0.0,0.0,1017.9,1007.0,0,10.1,213,31.0,1,3600.0
2025-07-24 13:00:00,28.9,35,12.0,30.2,0.0,0.0,1017.4,1006.5,0,11.8,219,34.2,1,3600.0
2025-07-24 14:00:00,28.3,38,12.6,29.2,0.0,0.0,1017.1,1006.2,0,13.0,224,36.4,1,3600.0
2025-07-24 15:00:00,27.4,41,13.0,27.7,0.0,0.0,1016.8,1005.9,0,13.2,230,36.7,1,3600.0
2025-07-24 16:00:00,26.5,42,12.5,26.0,0.0,0.0,1016.4,1005.5,0,11.5,231,36.0,1,3600.0
2025-07-24 17:00:00,25.4,46,12.9,24.8,0.0,0.0,1015.7,1004.7,0,9.8,229,30.6,1,3600.0
2025-07-24 18:00:00,23.3,54,13.5,23.0,0.0,0.0,1015.5,1004.5,0,9.7,225,27.0,1,3600.0
2025-07-24 19:00:00,20.8,64,13.8,20.8,0.0,0.0,1015.8,1004.7,0,7.7,219,25.2,0,2009.7
2025-07-24 20:00:00,19.6,70,14.0,20.0,0.0,0.0,1016.1,1004.9,0,6.1,210,18.4,0,0.0
2025-07-24 21:00:00,18.7,76,14.4,19.4,0.0,0.0,1016.5,1005.3,0,5.2,211,15.1,0,0.0
2025-07-24 22:00:00,18.3,80,14.8,19.3,0.0,0.0,1016.7,1005.5,0,3.6,200,13.3,0,0.0
2025-07-24 23:00:00,17.8,83,15.0,18.9,0.0,0.0,1016.7,1005.4,0,4.0,177,10.1,0,0.0
2025-07-25 00:00:00,17.5,86,15.0,18.5,0.0,0.0,1017.0,1005.7,2,4.3,158,10.4,0,0.0
2025-07-25 01:00:00,17.1,87,15.0,17.9,0.0,0.0,1016.8,1005.5,4,5.6,151,12.6,0,0.0
2025-07-25 02:00:00,16.6,90,14.9,17.4,0.0,0.0,1016.5,1005.2,9,6.0,143,14.8,0,0.0
2025-07-25 03:00:00,16.2,92,14.9,17.1,0.0,0.0,1016.4,1005.1,7,4.7,130,13.7,0,0.0
2025-07-25 04:00:00,15.8,94,14.9,17.0,0.0,0.0,1016.5,1005.2,10,3.0,142,10.8,0,0.0
2025-07-25 05:00:00,15.6,94,14.6,16.7,0.0,0.0,1016.1,1004.8,92,2.7,160,8.3,0,0.0
2025-07-25 06:00:00,16.1,91,14.5,17.0,0.0,0.0,1016.6,1005.3,64,3.4,155,10.1,1,1199.59
2025-07-25 07:00:00,17.5,81,14.2,18.1,0.0,0.0,1016.8,1005.5,32,4.9,141,15.8,1,3600.0
2025-07-25 08:00:00,19.6,67,13.4,19.8,0.0,0.0,1016.8,1005.6,54,5.3,156,19.1,1,3600.0
2025-07-25 09:00:00,21.7,56,12.6,21.7,0.0,0.0,1016.7,1005.6,22,6.1,161,22.0,1,3600.0
2025-07-25 10:00:00,23.9,48,12.2,24.8,0.0,0.0,1016.4,1005.4,22,6.1,161,23.0,1,3600.0
2025-07-25 11:00:00,26.0,41,11.6,27.4,0.0,0.0,1015.8,1004.8,11,6.8,169,24.8,1,3600.0
2025-07-25 12:00:00,27.5,36,11.1,28.9,0.0,0.0,1015.2,1004.3,1,8.6,191,28.1,1,3600.0
2025-07-25 13:00:00,27.2,41,12.9,28.4,0.0,0.0,1015.1,1004.2,2,12.9,213,36.0,1,3600.0
2025-07-25 14:00:00,25.7,47,13.6,26.8,0.0,0.0,1015.0,1004.0,0,13.6,224,38.9,1,3600.0
2025-07-25 15:00:00,25.2,47,13.2,26.0,0.0,0.0,1014.5,1003.5,0,10.5,229,37.8,1,3600.0
2025-07-25 16:00:00,24.7,48,13.0,24.6,0.0,0.0,1013.9,1002.9,0,9.8,226,31.3,1,3600.0
2025-07-25 17:00:00,23.7,50,12.7,23.4,0.0,0.0,1013.3,1002.3,0,7.7,221,27.0,1,3600.0
2025-07-25 18:00:00,22.4,55,12.9,21.9,0.0,0.0,1013.4,1002.3,0,8.9,214,24.1,1,3600.0
2025-07-25 19:00:00,20.3,65,13.4,20.2,0.0,0.0,1013.8,1002.7,0,8.4,215,23.8,0,1971.77
2025-07-25 20:00:00,18.8,72,13.7,19.0,0.0,0.0,1014.7,1003.5,0,6.6,221,20.5,0,0.0
2025-07-25 21:00:00,18.2,76,13.9,18.7,0.0,0.0,1015.3,1004.1,0,4.5,227,16.6,0,0.0
2025-07-25 22:00:00,17.7,79,14.1,18.3,0.0,0.0,1015.5,1004.2,0,4.8,202,12.6,0,0.0
2025-07-25 23:00:00,17.3,82,14.2,18.1,0.0,0.0,1015.8,1004.5,6,4.2,192,12.6,0,0.0
2025-07-26 00:00:00,17.1,83,14.1,18.0,0.0,0.0,1016.0,1004.7,22,2.7,184,10.1,0,0.0
2025-07-26 01:00:00,16.8,83,13.9,17.7,0.0,0.0,1015.7,1004.4,31,2.5,159,6.8,0,0.0
2025-07-26 02:00:00,16.4,84,13.7,17.2,0.0,0.0,1015.5,1004.2,12,2.2,132,6.8,0,0.0
2025-07-26 03:00:00,16.1,85,13.6,16.9,0.0,0.0,1015.1,1003.8,6,2.3,72,5.4,0,0.0
2025-07-26 04:00:00,15.7,88,13.6,16.8,0.0,0.0,1015.1,1003.8,13,0.3,225,5.4,0,0.0
2025-07-26 05:00:00,16.3,83,13.5,17.1,0.0,0.0,1014.9,1003.6,91,2.4,48,6.8,0,0.0
2025-07-26 06:00:00,16.7,81,13.4,17.5,0.0,0.0,1014.9,1003.6,100,1.8,127,6.1,1,1582.3
2025-07-26 07:00:00,18.3,71,13.0,18.5,0.0,0.0,1015.4,1004.2,93,5.3,142,15.8,1,3600.0
2025-07-26 08:00:00,20.0,61,12.3,19.8,0.0,0.0,1015.9,1004.7,62,6.1,148,20.2,1,3600.0
2025-07-26 09:00:00,21.7,54,12.1,21.5,0.0,0.0,1015.9,1004.8,57,5.7,145,21.2,1,3600.0
2025-07-26 10:00:00,23.4,48,11.6,24.0,0.0,0.0,1015.8,1004.8,13,5.8,150,22.3,1,3600.0
2025-07-26 11:00:00,25.1,43,11.6,26.4,0.0,0.0,1015.2,1004.2,3,7.0,177,24.8,1,3600.0
2025-07-26 12:00:00,25.9,42,12.0,27.5,0.0,0.0,1015.1,1004.2,0,9.5,205,29.9,1,3600.0
2025-07-26 13:00:00,26.0,44,12.7,27.7,0.0,0.0,1014.5,1003.6,6,10.4,219,32.0,1,3600.0
2025-07-26 14:00:00,26.1,44,12.7,27.4,0.0,0.0,1014.0,1003.1,79,10.3,220,32.4,1,3600.0
2025-07-26 15:00:00,25.7,43,12.4,26.1,0.0,0.0,1013.5,1002.6,72,11.4,218,33.1,1,3600.0
2025-07-26 16:00:00,24.9,45,12.0,24.3,0.0,0.0,1013.2,1002.2,100,10.9,220,33.1,1,3600.0
2025-07-26 17:00:00,23.2,49,11.9,22.3,0.0,0.0,1013.3,1002.3,97,9.9,224,32.8,1,3600.0
2025-07-26 18:00:00,21.9,54,12.0,21.3,0.0,0.0,1013.4,1002.3,41,7.8,226,27.4,1,3600.0
2025-07-26 19:00:00,20.4,60,12.4,20.1,0.0,0.0,1013.7,1002.6,96,7.3,224,20.9,0,1815.49
2025-07-26 20:00:00,19.5,65,12.7,19.7,0.0,0.0,1014.2,1003.0,0,4.2,230,18.0,0,0.0
2025-07-26 21:00:00,18.9,68,12.8,19.4,0.0,0.0,1014.6,1003.4,0,2.3,203,11.5,0,0.0
2025-07-26 22:00:00,18.4,70,12.8,19.1,0.0,0.0,1014.6,1003.4,0,1.3,180,6.8,0,0.0
2025-07-26 23:00:00,17.9,72,12.8,18.6,0.0,0.0,1014.7,1003.5,0,1.1,171,4.0,0,0.0
2025-07-27 00:00:00,17.4,75,13.0,18.1,0.0,0.0,1014.9,1003.6,0,1.5,159,4.3,0,0.0
2025-07-27 01:00:00,17.0,79,13.4,17.8,0.0,0.0,1014.8,1003.5,0,2.1,149,5.4,0,0.0
2025-07-27 02:00:00,16.5,84,13.8,17.3,0.0,0.0,1015.0,1003.7,0,2.8,140,6.1,0,0.0
2025-07-27 03:00:00,16.0,87,13.9,16.9,0.0,0.0,1015.1,1003.8,0,2.7,132,6.5,0,0.0
2025-07-27 04:00:00,15.6,90,13.9,16.5,0.0,0.0,1015.2,1003.9,0,2.1,142,5.8,0,0.0
2025-07-27 05:00:00,16.3,87,14.2,17.1,0.0,0.0,1015.5,1004.2,74,3.9,124,9.7,0,0.0
2025-07-27 06:00:00,16.8,86,14.4,17.7,0.0,0.0,1015.7,1004.4,79,3.4,133,9.7,1,1187.98
2025-07-27 07:00:00,18.1,78,14.2,19.0,0.0,0.0,1015.9,1004.7,47,2.8,145,12.6,1,3600.0
2025-07-27 08:00:00,19.9,69,14.0,20.9,0.0,0.0,1015.8,1004.6,13,2.2,166,14.0,1,3600.0
2025-07-27 09:00:00,22.2,58,13.5,23.1,0.0,0.0,1015.4,1004.3,1,3.1,190,16.9,1,3600.0
2025-07-27 10:00:00,24.7,48,13.0,26.3,0.0,0.0,1015.2,1004.2,0,5.1,197,21.2,1,3600.0
2025-07-27 11:00:00,26.8,42,12.8,28.5,0.0,0.0,1015.0,1004.1,0,8.1,204,27.0,1,3600.0
2025-07-27 12:00:00,27.5,40,12.9,29.0,0.0,0.0,1014.6,1003.7,0,11.4,215,33.1,1,3600.0
2025-07-27 13:00:00,27.4,39,12.4,28.6,0.0,0.0,1014.4,1003.5,0,12.5,215,36.0,1,3600.0
2025-07-27 14:00:00,27.1,39,12.1,27.8,0.0,0.0,1014.2,1003.3,0,12.7,218,36.0,1,3600.0
2025-07-27 15:00:00,26.6,41,12.1,26.7,0.0,0.0,1014.0,1003.1,0,12.2,224,36.0,1,3600.0
2025-07-27 16:00:00,25.9,43,12.4,25.3,0.0,0.0,1013.8,1002.9,0,11.3,228,34.6,1,3600.0
2025-07-27 17:00:00,24.9,49,13.3,24.4,0.0,0.0,1013.3,1002.3,0,10.1,220,28.4,1,3600.0
2025-07-27 18:00:00,22.7,56,13.6,22.6,0.0,0.0,1013.6,1002.6,0,8.9,227,28.1,1,3600.0
2025-07-27 19:00:00,20.6,65,13.8,20.8,0.0,0.0,1014.0,1002.9,0,6.9,221,23.4,0,1890.99
2025-07-27 20:00:00,19.2,72,14.0,19.5,0.0,0.0,1014.7,1003.5,0,6.5,210,17.6,0,0.0
2025-07-27 21:00:00,18.4,75,13.8,19.0,0.0,0.0,1015.4,1004.2,0,3.9,217,16.6,0,0.0
2025-07-27 22:00:00,17.9,76,13.7,18.6,0.0,0.0,1015.6,1004.3,0,3.5,195,11.2,0,0.0
2025-07-27 23:00:00,17.5,79,13.8,18.2,0.0,0.0,1015.9,1004.6,0,3.6,186,10.8,0,0.0
2025-07-28 00:00:00,17.2,82,14.1,18.1,0.0,0.0,1016.2,1004.9,0,2.6,192,9.0,0,0.0
2025-07-28 01:00:00,16.6,87,14.4,17.8,0.0,0.0,1016.2,1004.9,0,1.5,187,7.2,0,0.0
2025-07-28 02:00:00,16.1,90,14.5,17.3,0.0,0.0,1016.1,1004.8,0,1.3,164,4.3,0,0.0
2025-07-28 03:00:00,15.7,93,14.5,17.0,0.0,0.0,1016.0,1004.7,0,1.1,189,4.0,0,0.0
2025-07-28 04:00:00,15.4,95,14.6,16.7,0.0,0.0,1016.3,1004.9,5,1.4,247,4.0,0,0.0
2025-07-28 05:00:00,16.4,91,14.9,17.6,0.0,0.0,1016.6,1005.3,95,2.3,203,6.5,0,0.0
2025-07-28 06:00:00,16.8,88,14.9,18.0,0.0,0.0,1017.2,1005.9,100,3.1,177,10.1,1,296.47
2025-07-28 07:00:00,17.9,81,14.6,18.7,0.0,0.0,1017.6,1006.3,97,4.2,168,14.8,1,3048.16
2025-07-28 08:00:00,19.5,71,14.2,20.2,0.0,0.0,1017.7,1006.5,42,4.0,172,16.9,1,3600.0
2025-07-28 09:00:00,21.8,60,13.8,22.6,0.0,0.0,1017.5,1006.4,7,4.1,178,19.1,1,3600.0
2025-07-28 10:00:00,23.7,54,13.9,25.2,0.0,0.0,1017.4,1006.3,8,5.6,182,22.7,1,3600.0
2025-07-28 11:00:00,25.8,48,13.9,28.2,0.0,0.0,1017.0,1006.0,2,6.1,192,24.1,1,3600.0
2025-07-28 12:00:00,27.6,43,13.8,30.1,0.0,0.0,1016.5,1005.6,2,7.7,208,26.6,1,3600.0
2025-07-28 13:00:00,28.1,42,14.0,30.1,0.0,0.0,1016.0,1005.1,0,11.0,218,32.8,1,3600.0
2025-07-28 14:00:00,27.8,42,13.7,29.2,0.0,0.0,1015.6,1004.7,0,12.1,222,34.9,1,3600.0
2025-07-28 15:00:00,26.6,45,13.7,27.2,0.0,0.0,1015.3,1004.4,0,12.6,224,35.6,1,3600.0
2025-07-28 16:00:00,25.1,50,13.9,24.9,0.0,0.0,1015.0,1004.0,0,12.0,226,35.6,1,3600.0
2025-07-28 17:00:00,24.0,53,13.9,23.9,0.0,0.0,1015.0,1004.0,0,9.7,223,30.6,1,3600.0
2025-07-28 18:00:00,22.6,58,13.9,22.6,0.0,0.0,1015.1,1004.0,0,8.4,220,27.0,1,3600.0
2025-07-28 19:00:00,20.6,67,14.2,21.0,0.0,0.0,1015.5,1004.4,0,6.8,217,22.3,0,1848.13
2025-07-28 20:00:00,19.2,74,14.4,19.8,0.0,0.0,1016.1,1004.9,0,5.6,207,17.3,0,0.0
2025-07-28 21:00:00,18.5,77,14.4,19.4,0.0,0.0,1016.7,1005.5,0,3.7,203,14.4,0,0.0
2025-07-28 22:00:00,17.9,81,14.6,18.9,0.0,0.0,1016.8,1005.5,0,3.2,196,10.8,0,0.0
2025-07-28 23:00:00,17.5,84,14.7,18.6,0.0,0.0,1017.0,1005.7,0,3.0,194,9.0,0,0.0
2025-07-29 00:00:00,17.0,87,14.8,18.3,0.0,0.0,1017.1,1005.8,0,2.2,180,8.3,0,0.0
2025-07-29 01:00:00,16.5,90,14.8,17.9,0.0,0.0,1017.3,1006.0,0,1.1,180,6.1,0,0.0
2025-07-29 02:00:00,16.2,92,14.9,17.7,0.0,0.0,1017.2,1005.9,0,0.4,180,4.0,0,0.0
2025-07-29 03:00:00,15.7,94,14.8,17.1,0.0,0.0,1017.3,1005.9,0,1.3,188,4.0,0,0.0
2025-07-29 04:00:00,15.2,97,14.7,16.5,0.0,0.0,1017.7,1006.3,0,1.5,201,4.7,0,0.0
2025-07-29 05:00:00,15.1,97,14.6,16.4,0.0,0.0,1017.6,1006.2,31,1.9,151,5.0,0,0.0
2025-07-29 06:00:00,15.7,95,14.9,17.0,0.0,0.0,1018.0,1006.6,54,2.3,176,7.9,1,1549.37
2025-07-29 07:00:00,17.3,85,14.7,18.4,0.0,0.0,1018.5,1007.2,51,2.9,180,13.0,1,3600.0
2025-07-29 08:00:00,19.5,73,14.4,20.4,0.0,0.0,1018.5,1007.3,17,3.1,173,15.8,1,3600.0
2025-07-29 09:00:00,22.0,59,13.7,23.2,0.0,0.0,1018.0,1006.9,1,2.9,169,17.3,1,3600.0
2025-07-29 10:00:00,24.9,48,13.2,26.8,0.0,0.0,1017.4,1006.4,0,4.0,170,19.8,1,3600.0
2025-07-29 11:00:00,28.0,39,12.9,30.2,0.0,0.0,1016.7,1005.8,0,5.8,173,23.0,1,3600.0
2025-07-29 12:00:00,29.8,37,13.8,32.0,0.0,0.0,1016.2,1005.4,0,9.4,203,29.5,1,3600.0
2025-07-29 13:00:00,29.6,41,14.8,31.4,0.0,0.0,1016.0,1005.2,0,13.3,221,36.4,1,3600.0
2025-07-29 14:00:00,27.9,43,14.2,29.0,0.0,0.0,1015.8,1004.9,0,14.3,228,39.6,1,3600.0
2025-07-29 15:00:00,27.4,41,13.0,27.8,0.0,0.0,1015.4,1004.5,0,12.2,229,38.9,1,3600.0
2025-07-29 16:00:00,27.0,39,11.7,26.2,0.0,0.0,1015.0,1004.1,0,10.9,224,34.2,1,3600.0
2025-07-29 17:00:00,26.0,43,12.4,25.2,0.0,0.0,1014.7,1003.8,0,10.2,214,28.1,1,3600.0
2025-07-29 18:00:00,23.4,51,12.8,22.9,0.0,0.0,1014.9,1003.9,0,9.6,214,28.1,1,3600.0
2025-07-29 19:00:00,20.8,66,14.2,21.2,0.0,0.0,1015.3,1004.2,2,6.8,207,24.5,0,1644.54
2025-07-29 20:00:00,19.4,76,15.0,20.2,0.0,0.0,1015.5,1004.3,0,5.7,191,17.3,0,0.0
2025-07-29 21:00:00,18.5,80,15.1,19.6,0.0,0.0,1015.8,1004.6,0,4.3,180,15.1,0,0.0
2025-07-29 22:00:00,17.9,83,15.0,19.0,0.0,0.0,1015.5,1004.2,0,3.5,171,12.6,0,0.0
2025-07-29 23:00:00,17.6,84,14.9,18.8,0.0,0.0,1015.6,1004.3,0,3.0,163,10.8,0,0.0
2025-07-30 00:00:00,17.5,84,14.7,18.6,0.0,0.0,1015.7,1004.4,0,2.9,137,9.4,0,0.0
2025-07-30 01:00:00,17.5,83,14.6,18.7,0.0,0.0,1015.6,1004.3,0,1.5,159,7.6,0,0.0
2025-07-30 02:00:00,17.0,86,14.6,18.4,0.0,0.0,1015.4,1004.1,0,1.1,180,5.0,0,0.0
2025-07-30 03:00:00,16.7,88,14.7,18.2,0.0,0.0,1015.4,1004.1,0,0.5,180,4.0,0,0.0
2025-07-30 04:00:00,16.3,90,14.7,17.7,0.0,0.0,1015.8,1004.5,3,1.0,158,2.9,0,0.0
2025-07-30 05:00:00,16.4,94,15.4,17.7,0.0,0.0,1016.0,1004.7,48,3.3,135,7.9,0,0.0
2025-07-30 06:00:00,16.9,93,15.7,18.0,0.0,0.0,1016.5,1005.2,55,5.5,134,13.0,1,1167.41
2025-07-30 07:00:00,18.4,83,15.4,19.5,0.0,0.0,1016.7,1005.5,42,5.1,132,16.6,1,3600.0
2025-07-30 08:00:00,20.3,73,15.3,21.4,0.0,0.0,1016.7,1005.5,11,4.9,141,18.4,1,3600.0
2025-07-30 09:00:00,22.9,60,14.9,24.2,0.0,0.0,1016.2,1005.1,2,4.0,150,18.7,1,3600.0
2025-07-30 10:00:00,25.6,50,14.5,27.8,0.0,0.0,1015.9,1004.9,0,4.6,162,20.5,1,3600.0
2025-07-30 11:00:00,28.4,41,13.7,30.8,0.0,0.0,1015.3,1004.4,0,5.7,169,23.0,1,3600.0
2025-07-30 12:00:00,30.5,35,13.2,32.9,0.0,0.0,1014.4,1003.6,0,7.1,189,25.2,1,3600.0
2025-07-30 13:00:00,30.9,37,14.6,33.2,0.0,0.0,1013.9,1003.1,0,10.5,211,31.0,1,3600.0
2025-07-30 14:00:00,30.4,39,14.8,32.2,0.0,0.0,1013.4,1002.6,1,11.6,221,34.2,1,3600.0
2025-07-30 15:00:00,29.8,38,13.8,30.5,0.0,0.0,1012.9,1002.1,0,11.8,223,33.8,1,3600.0
2025-07-30 16:00:00,28.5,39,13.4,28.1,0.0,0.0,1012.7,1001.9,0,12.3,220,33.5,1,3600.0
2025-07-30 17:00:00,26.9,47,14.7,26.7,0.0,0.0,1012.5,1001.6,1,11.8,216,31.3,1,3600.0
2025-07-30 18:00:00,23.6,58,14.8,23.8,0.0,0.0,1013.0,1002.0,0,9.3,217,31.0,1,3600.0
2025-07-30 19:00:00,21.5,67,15.0,22.2,0.0,0.0,1013.5,1002.4,0,6.5,212,23.8,0,1508.07
2025-07-30 20:00:00,20.5,70,15.0,21.4,0.0,0.0,1013.6,1002.5,0,4.9,190,17.3,0,0.0
2025-07-30 21:00:00,19.8,73,14.8,20.7,0.0,0.0,1013.9,1002.7,0,4.5,166,13.7,0,0.0
2025-07-30 22:00:00,19.1,75,14.7,20.1,0.0,0.0,1014.2,1003.0,0,3.6,160,12.6,0,0.0
2025-07-30 23:00:00,18.8,76,14.6,19.9,0.0,0.0,1014.4,1003.2,0,2.8,165,10.8,0,0.0
2025-07-31 00:00:00,18.5,78,14.6,19.6,0.0,0.0,1014.5,1003.3,0,2.7,180,7.6,0,0.0
2025-07-31 01:00:00,18.1,80,14.6,19.4,0.0,0.0,1014.4,1003.2,0,1.3,188,6.8,0,0.0
2025-07-31 02:00:00,17.6,83,14.7,19.0,0.0,0.0,1014.3,1003.1,0,0.8,207,4.0,0,0.0
2025-07-31 03:00:00,17.1,86,14.8,18.5,0.0,0.0,1014.1,1002.8,0,1.0,225,4.0,0,0.0
2025-07-31 04:00:00,16.6,89,14.8,18.0,0.0,0.0,1014.3,1003.0,1,1.3,225,4.3,0,0.0
2025-07-31 05:00:00,16.0,96,15.4,17.7,0.0,0.0,1014.5,1003.2,10,1.0,225,4.0,0,0.0
2025-07-31 06:00:00,16.6,93,15.5,18.1,0.0,0.0,1015.1,1003.8,23,2.2,194,7.6,1,1646.38
2025-07-31 07:00:00,18.4,84,15.6,19.8,0.0,0.0,1015.5,1004.3,32,3.5,165,14.0,1,3600.0
2025-07-31 08:00:00,20.7,72,15.4,22.0,0.0,0.0,1015.8,1004.7,7,3.4,164,16.6,1,3600.0
2025-07-31 09:00:00,23.3,60,15.2,24.9,0.0,0.0,1015.7,1004.7,2,2.8,162,17.3,1,3600.0
2025-07-31 10:00:00,26.3,49,14.9,28.8,0.0,0.0,1015.4,1004.5,0,3.8,169,19.1,1,3600.0
2025-07-31 11:00:00,29.1,41,14.5,31.9,0.0,0.0,1015.1,1004.3,0,5.8,182,23.0,1,3600.0
2025-07-31 12:00:00,31.2,36,14.3,33.7,0.0,0.0,1014.5,1003.7,0,8.3,198,27.4,1,3600.0
2025-07-31 13:00:00,31.7,36,14.7,33.9,0.0,0.0,1014.3,1003.6,0,11.1,211,32.4,1,3600.0
2025-07-31 14:00:00,31.2,36,14.3,32.7,0.0,0.0,1014.0,1003.3,1,11.8,218,33.8,1,3600.0
2025-07-31 15:00:00,30.5,36,13.5,31.2,0.0,0.0,1013.4,1002.6,0,11.3,219,33.8,1,3600.0
2025-07-31 16:00:00,28.9,40,13.8,28.8,0.0,0.0,1013.3,1002.5,0,11.2,222,32.0,1,3600.0
2025-07-31 17:00:00,26.8,47,14.7,26.7,0.0,0.0,1013.3,1002.4,0,10.9,214,29.5,1,3600.0
2025-07-31 18:00:00,24.5,54,14.6,24.8,0.0,0.0,1014.0,1003.0,1,8.4,215,29.2,1,3600.0
2025-07-31 19:00:00,22.6,61,14.8,23.3,0.0,0.0,1014.5,1003.4,2,6.1,212,22.3,0,1491.69
2025-07-31 20:00:00,21.3,67,14.9,22.2,0.0,0.0,1015.0,1003.9,0,5.1,212,16.2,0,0.0
2025-07-31 21:00:00,20.5,70,14.9,21.5,0.0,0.0,1015.6,1004.4,1,4.2,190,13.7,0,0.0
2025-07-31 22:00:00,19.9,74,15.1,20.8,0.0,0.0,1016.1,1004.9,1,4.8,169,12.2,0,0.0
2025-07-31 23:00:00,19.3,78,15.4,20.3,0.0,0.0,1016.7,1005.5,0,5.1,163,13.0,0,0.0
